Location,Element,Start Time,End Time,Value
連江縣,最高溫度,2026-04-27T12:00:00+08:00,2026-04-27T18:00:00+08:00,24
連江縣,最高溫度,2026-04-27T18:00:00+08:00,2026-04-28T06:00:00+08:00,20
連江縣,最高溫度,2026-04-28T06:00:00+08:00,2026-04-28T18:00:00+08:00,23
連江縣,最高溫度,2026-04-28T18:00:00+08:00,2026-04-29T06:00:00+08:00,20
連江縣,最高溫度,2026-04-29T06:00:00+08:00,2026-04-29T18:00:00+08:00,20
連江縣,最高溫度,2026-04-29T18:00:00+08:00,2026-04-30T06:00:00+08:00,16
連江縣,最高溫度,2026-04-30T06:00:00+08:00,2026-04-30T18:00:00+08:00,18
連江縣,最高溫度,2026-04-30T18:00:00+08:00,2026-05-01T06:00:00+08:00,18
連江縣,最高溫度,2026-05-01T06:00:00+08:00,2026-05-01T18:00:00+08:00,20
連江縣,最高溫度,2026-05-01T18:00:00+08:00,2026-05-02T06:00:00+08:00,19
連江縣,最高溫度,2026-05-02T06:00:00+08:00,2026-05-02T18:00:00+08:00,21
連江縣,最高溫度,2026-05-02T18:00:00+08:00,2026-05-03T06:00:00+08:00,19
連江縣,最高溫度,2026-05-03T06:00:00+08:00,2026-05-03T18:00:00+08:00,21
連江縣,最高溫度,2026-05-03T18:00:00+08:00,2026-05-04T06:00:00+08:00,20
連江縣,最低溫度,2026-04-27T12:00:00+08:00,2026-04-27T18:00:00+08:00,20
連江縣,最低溫度,2026-04-27T18:00:00+08:00,2026-04-28T06:00:00+08:00,18
連江縣,最低溫度,2026-04-28T06:00:00+08:00,2026-04-28T18:00:00+08:00,18
連江縣,最低溫度,2026-04-28T18:00:00+08:00,2026-04-29T06:00:00+08:00,18
連江縣,最低溫度,2026-04-29T06:00:00+08:00,2026-04-29T18:00:00+08:00,16
連江縣,最低溫度,2026-04-29T18:00:00+08:00,2026-04-30T06:00:00+08:00,14
連江縣,最低溫度,2026-04-30T06:00:00+08:00,2026-04-30T18:00:00+08:00,14
連江縣,最低溫度,2026-04-30T18:00:00+08:00,2026-05-01T06:00:00+08:00,17
連江縣,最低溫度,2026-05-01T06:00:00+08:00,2026-05-01T18:00:00+08:00,17
連江縣,最低溫度,2026-05-01T18:00:00+08:00,2026-05-02T06:00:00+08:00,17
連江縣,最低溫度,2026-05-02T06:00:00+08:00,2026-05-02T18:00:00+08:00,18
連江縣,最低溫度,2026-05-02T18:00:00+08:00,2026-05-03T06:00:00+08:00,18
連江縣,最低溫度,2026-05-03T06:00:00+08:00,2026-05-03T18:00:00+08:00,18
連江縣,最低溫度,2026-05-03T18:00:00+08:00,2026-05-04T06:00:00+08:00,18
連江縣,12小時降雨機率,2026-04-27T12:00:00+08:00,2026-04-27T18:00:00+08:00,0
連江縣,12小時降雨機率,2026-04-27T18:00:00+08:00,2026-04-28T06:00:00+08:00,10
連江縣,12小時降雨機率,2026-04-28T06:00:00+08:00,2026-04-28T18:00:00+08:00,20
連江縣,12小時降雨機率,2026-04-28T18:00:00+08:00,2026-04-29T06:00:00+08:00,30
連江縣,12小時降雨機率,2026-04-29T06:00:00+08:00,2026-04-29T18:00:00+08:00,70
連江縣,12小時降雨機率,2026-04-29T18:00:00+08:00,2026-04-30T06:00:00+08:00,70
連江縣,12小時降雨機率,2026-04-30T06:00:00+08:00,2026-04-30T18:00:00+08:00,-
連江縣,12小時降雨機率,2026-04-30T18:00:00+08:00,2026-05-01T06:00:00+08:00,-
連江縣,12小時降雨機率,2026-05-01T06:00:00+08:00,2026-05-01T18:00:00+08:00,-
連江縣,12小時降雨機率,2026-05-01T18:00:00+08:00,2026-05-02T06:00:00+08:00,-
連江縣,12小時降雨機率,2026-05-02T06:00:00+08:00,2026-05-02T18:00:00+08:00,-
連江縣,12小時降雨機率,2026-05-02T18:00:00+08:00,2026-05-03T06:00:00+08:00,-
連江縣,12小時降雨機率,2026-05-03T06:00:00+08:00,2026-05-03T18:00:00+08:00,-
連江縣,12小時降雨機率,2026-05-03T18:00:00+08:00,2026-05-04T06:00:00+08:00,-
連江縣,天氣現象,2026-04-27T12:00:00+08:00,2026-04-27T18:00:00+08:00,晴時多雲
連江縣,天氣現象,2026-04-27T18:00:00+08:00,2026-04-28T06:00:00+08:00,晴時多雲
連江縣,天氣現象,2026-04-28T06:00:00+08:00,2026-04-28T18:00:00+08:00,晴時多雲
連江縣,天氣現象,2026-04-28T18:00:00+08:00,2026-04-29T06:00:00+08:00,陰時多雲短暫陣雨或雷雨
連江縣,天氣現象,2026-04-29T06:00:00+08:00,2026-04-29T18:00:00+08:00,陰短暫陣雨或雷雨
連江縣,天氣現象,2026-04-29T18:00:00+08:00,2026-04-30T06:00:00+08:00,陰短暫陣雨或雷雨
連江縣,天氣現象,2026-04-30T06:00:00+08:00,2026-04-30T18:00:00+08:00,陰短暫陣雨
連江縣,天氣現象,2026-04-30T18:00:00+08:00,2026-05-01T06:00:00+08:00,晴時多雲
連江縣,天氣現象,2026-05-01T06:00:00+08:00,2026-05-01T18:00:00+08:00,晴時多雲
連江縣,天氣現象,2026-05-01T18:00:00+08:00,2026-05-02T06:00:00+08:00,晴時多雲
連江縣,天氣現象,2026-05-02T06:00:00+08:00,2026-05-02T18:00:00+08:00,晴時多雲
連江縣,天氣現象,2026-05-02T18:00:00+08:00,2026-05-03T06:00:00+08:00,晴時多雲
連江縣,天氣現象,2026-05-03T06:00:00+08:00,2026-05-03T18:00:00+08:00,多雲短暫陣雨
連江縣,天氣現象,2026-05-03T18:00:00+08:00,2026-05-04T06:00:00+08:00,陰時多雲短暫陣雨
金門縣,最高溫度,2026-04-27T12:00:00+08:00,2026-04-27T18:00:00+08:00,28
金門縣,最高溫度,2026-04-27T18:00:00+08:00,2026-04-28T06:00:00+08:00,24
金門縣,最高溫度,2026-04-28T06:00:00+08:00,2026-04-28T18:00:00+08:00,28
金門縣,最高溫度,2026-04-28T18:00:00+08:00,2026-04-29T06:00:00+08:00,25
金門縣,最高溫度,2026-04-29T06:00:00+08:00,2026-04-29T18:00:00+08:00,25
金門縣,最高溫度,2026-04-29T18:00:00+08:00,2026-04-30T06:00:00+08:00,21
金門縣,最高溫度,2026-04-30T06:00:00+08:00,2026-04-30T18:00:00+08:00,23
金門縣,最高溫度,2026-04-30T18:00:00+08:00,2026-05-01T06:00:00+08:00,20
金門縣,最高溫度,2026-05-01T06:00:00+08:00,2026-05-01T18:00:00+08:00,24
金門縣,最高溫度,2026-05-01T18:00:00+08:00,2026-05-02T06:00:00+08:00,22
金門縣,最高溫度,2026-05-02T06:00:00+08:00,2026-05-02T18:00:00+08:00,25
金門縣,最高溫度,2026-05-02T18:00:00+08:00,2026-05-03T06:00:00+08:00,23
金門縣,最高溫度,2026-05-03T06:00:00+08:00,2026-05-03T18:00:00+08:00,27
金門縣,最高溫度,2026-05-03T18:00:00+08:00,2026-05-04T06:00:00+08:00,24
金門縣,最低溫度,2026-04-27T12:00:00+08:00,2026-04-27T18:00:00+08:00,24
金門縣,最低溫度,2026-04-27T18:00:00+08:00,2026-04-28T06:00:00+08:00,21
金門縣,最低溫度,2026-04-28T06:00:00+08:00,2026-04-28T18:00:00+08:00,21
金門縣,最低溫度,2026-04-28T18:00:00+08:00,2026-04-29T06:00:00+08:00,22
金門縣,最低溫度,2026-04-29T06:00:00+08:00,2026-04-29T18:00:00+08:00,21
金門縣,最低溫度,2026-04-29T18:00:00+08:00,2026-04-30T06:00:00+08:00,18
金門縣,最低溫度,2026-04-30T06:00:00+08:00,2026-04-30T18:00:00+08:00,18
金門縣,最低溫度,2026-04-30T18:00:00+08:00,2026-05-01T06:00:00+08:00,18
金門縣,最低溫度,2026-05-01T06:00:00+08:00,2026-05-01T18:00:00+08:00,18
金門縣,最低溫度,2026-05-01T18:00:00+08:00,2026-05-02T06:00:00+08:00,19
金門縣,最低溫度,2026-05-02T06:00:00+08:00,2026-05-02T18:00:00+08:00,20
金門縣,最低溫度,2026-05-02T18:00:00+08:00,2026-05-03T06:00:00+08:00,22
金門縣,最低溫度,2026-05-03T06:00:00+08:00,2026-05-03T18:00:00+08:00,22
金門縣,最低溫度,2026-05-03T18:00:00+08:00,2026-05-04T06:00:00+08:00,22
金門縣,12小時降雨機率,2026-04-27T12:00:00+08:00,2026-04-27T18:00:00+08:00,0
金門縣,12小時降雨機率,2026-04-27T18:00:00+08:00,2026-04-28T06:00:00+08:00,10
金門縣,12小時降雨機率,2026-04-28T06:00:00+08:00,2026-04-28T18:00:00+08:00,20
金門縣,12小時降雨機率,2026-04-28T18:00:00+08:00,2026-04-29T06:00:00+08:00,30
金門縣,12小時降雨機率,2026-04-29T06:00:00+08:00,2026-04-29T18:00:00+08:00,50
金門縣,12小時降雨機率,2026-04-29T18:00:00+08:00,2026-04-30T06:00:00+08:00,40
金門縣,12小時降雨機率,2026-04-30T06:00:00+08:00,2026-04-30T18:00:00+08:00,-
金門縣,12小時降雨機率,2026-04-30T18:00:00+08:00,2026-05-01T06:00:00+08:00,-
金門縣,12小時降雨機率,2026-05-01T06:00:00+08:00,2026-05-01T18:00:00+08:00,-
金門縣,12小時降雨機率,2026-05-01T18:00:00+08:00,2026-05-02T06:00:00+08:00,-
金門縣,12小時降雨機率,2026-05-02T06:00:00+08:00,2026-05-02T18:00:00+08:00,-
金門縣,12小時降雨機率,2026-05-02T18:00:00+08:00,2026-05-03T06:00:00+08:00,-
金門縣,12小時降雨機率,2026-05-03T06:00:00+08:00,2026-05-03T18:00:00+08:00,-
金門縣,12小時降雨機率,2026-05-03T18:00:00+08:00,2026-05-04T06:00:00+08:00,-
金門縣,天氣現象,2026-04-27T12:00:00+08:00,2026-04-27T18:00:00+08:00,晴時多雲
金門縣,天氣現象,2026-04-27T18:00:00+08:00,2026-04-28T06:00:00+08:00,晴時多雲
金門縣,天氣現象,2026-04-28T06:00:00+08:00,2026-04-28T18:00:00+08:00,晴時多雲
金門縣,天氣現象,2026-04-28T18:00:00+08:00,2026-04-29T06:00:00+08:00,多雲時陰短暫陣雨或雷雨
金門縣,天氣現象,2026-04-29T06:00:00+08:00,2026-04-29T18:00:00+08:00,陰短暫陣雨或雷雨
金門縣,天氣現象,2026-04-29T18:00:00+08:00,2026-04-30T06:00:00+08:00,陰短暫陣雨或雷雨
金門縣,天氣現象,2026-04-30T06:00:00+08:00,2026-04-30T18:00:00+08:00,陰時多雲短暫陣雨
金門縣,天氣現象,2026-04-30T18:00:00+08:00,2026-05-01T06:00:00+08:00,多雲
金門縣,天氣現象,2026-05-01T06:00:00+08:00,2026-05-01T18:00:00+08:00,晴時多雲
金門縣,天氣現象,2026-05-01T18:00:00+08:00,2026-05-02T06:00:00+08:00,晴時多雲
金門縣,天氣現象,2026-05-02T06:00:00+08:00,2026-05-02T18:00:00+08:00,多雲時晴
金門縣,天氣現象,2026-05-02T18:00:00+08:00,2026-05-03T06:00:00+08:00,陰時多雲短暫陣雨
金門縣,天氣現象,2026-05-03T06:00:00+08:00,2026-05-03T18:00:00+08:00,陰時多雲短暫陣雨
金門縣,天氣現象,2026-05-03T18:00:00+08:00,2026-05-04T06:00:00+08:00,多雲
宜蘭縣,最高溫度,2026-04-27T12:00:00+08:00,2026-04-27T18:00:00+08:00,28
宜蘭縣,最高溫度,2026-04-27T18:00:00+08:00,2026-04-28T06:00:00+08:00,25
宜蘭縣,最高溫度,2026-04-28T06:00:00+08:00,2026-04-28T18:00:00+08:00,29
宜蘭縣,最高溫度,2026-04-28T18:00:00+08:00,2026-04-29T06:00:00+08:00,26
宜蘭縣,最高溫度,2026-04-29T06:00:00+08:00,2026-04-29T18:00:00+08:00,28
宜蘭縣,最高溫度,2026-04-29T18:00:00+08:00,2026-04-30T06:00:00+08:00,25
宜蘭縣,最高溫度,2026-04-30T06:00:00+08:00,2026-04-30T18:00:00+08:00,22
宜蘭縣,最高溫度,2026-04-30T18:00:00+08:00,2026-05-01T06:00:00+08:00,21
宜蘭縣,最高溫度,2026-05-01T06:00:00+08:00,2026-05-01T18:00:00+08:00,24
宜蘭縣,最高溫度,2026-05-01T18:00:00+08:00,2026-05-02T06:00:00+08:00,22
宜蘭縣,最高溫度,2026-05-02T06:00:00+08:00,2026-05-02T18:00:00+08:00,27
宜蘭縣,最高溫度,2026-05-02T18:00:00+08:00,2026-05-03T06:00:00+08:00,25
宜蘭縣,最高溫度,2026-05-03T06:00:00+08:00,2026-05-03T18:00:00+08:00,29
宜蘭縣,最高溫度,2026-05-03T18:00:00+08:00,2026-05-04T06:00:00+08:00,26
宜蘭縣,最低溫度,2026-04-27T12:00:00+08:00,2026-04-27T18:00:00+08:00,25
宜蘭縣,最低溫度,2026-04-27T18:00:00+08:00,2026-04-28T06:00:00+08:00,21
宜蘭縣,最低溫度,2026-04-28T06:00:00+08:00,2026-04-28T18:00:00+08:00,21
宜蘭縣,最低溫度,2026-04-28T18:00:00+08:00,2026-04-29T06:00:00+08:00,22
宜蘭縣,最低溫度,2026-04-29T06:00:00+08:00,2026-04-29T18:00:00+08:00,22
宜蘭縣,最低溫度,2026-04-29T18:00:00+08:00,2026-04-30T06:00:00+08:00,20
宜蘭縣,最低溫度,2026-04-30T06:00:00+08:00,2026-04-30T18:00:00+08:00,20
宜蘭縣,最低溫度,2026-04-30T18:00:00+08:00,2026-05-01T06:00:00+08:00,20
宜蘭縣,最低溫度,2026-05-01T06:00:00+08:00,2026-05-01T18:00:00+08:00,20
宜蘭縣,最低溫度,2026-05-01T18:00:00+08:00,2026-05-02T06:00:00+08:00,20
宜蘭縣,最低溫度,2026-05-02T06:00:00+08:00,2026-05-02T18:00:00+08:00,20
宜蘭縣,最低溫度,2026-05-02T18:00:00+08:00,2026-05-03T06:00:00+08:00,21
宜蘭縣,最低溫度,2026-05-03T06:00:00+08:00,2026-05-03T18:00:00+08:00,22
宜蘭縣,最低溫度,2026-05-03T18:00:00+08:00,2026-05-04T06:00:00+08:00,23
宜蘭縣,12小時降雨機率,2026-04-27T12:00:00+08:00,2026-04-27T18:00:00+08:00,10
宜蘭縣,12小時降雨機率,2026-04-27T18:00:00+08:00,2026-04-28T06:00:00+08:00,10
宜蘭縣,12小時降雨機率,2026-04-28T06:00:00+08:00,2026-04-28T18:00:00+08:00,20
宜蘭縣,12小時降雨機率,2026-04-28T18:00:00+08:00,2026-04-29T06:00:00+08:00,20
宜蘭縣,12小時降雨機率,2026-04-29T06:00:00+08:00,2026-04-29T18:00:00+08:00,50
宜蘭縣,12小時降雨機率,2026-04-29T18:00:00+08:00,2026-04-30T06:00:00+08:00,50
宜蘭縣,12小時降雨機率,2026-04-30T06:00:00+08:00,2026-04-30T18:00:00+08:00,-
宜蘭縣,12小時降雨機率,2026-04-30T18:00:00+08:00,2026-05-01T06:00:00+08:00,-
宜蘭縣,12小時降雨機率,2026-05-01T06:00:00+08:00,2026-05-01T18:00:00+08:00,-
宜蘭縣,12小時降雨機率,2026-05-01T18:00:00+08:00,2026-05-02T06:00:00+08:00,-
宜蘭縣,12小時降雨機率,2026-05-02T06:00:00+08:00,2026-05-02T18:00:00+08:00,-
宜蘭縣,12小時降雨機率,2026-05-02T18:00:00+08:00,2026-05-03T06:00:00+08:00,-
宜蘭縣,12小時降雨機率,2026-05-03T06:00:00+08:00,2026-05-03T18:00:00+08:00,-
宜蘭縣,12小時降雨機率,2026-05-03T18:00:00+08:00,2026-05-04T06:00:00+08:00,-
宜蘭縣,天氣現象,2026-04-27T12:00:00+08:00,2026-04-27T18:00:00+08:00,晴時多雲
宜蘭縣,天氣現象,2026-04-27T18:00:00+08:00,2026-04-28T06:00:00+08:00,晴時多雲
宜蘭縣,天氣現象,2026-04-28T06:00:00+08:00,2026-04-28T18:00:00+08:00,晴時多雲
宜蘭縣,天氣現象,2026-04-28T18:00:00+08:00,2026-04-29T06:00:00+08:00,多雲時晴
宜蘭縣,天氣現象,2026-04-29T06:00:00+08:00,2026-04-29T18:00:00+08:00,多雲短暫陣雨或雷雨
宜蘭縣,天氣現象,2026-04-29T18:00:00+08:00,2026-04-30T06:00:00+08:00,陰短暫陣雨或雷雨
宜蘭縣,天氣現象,2026-04-30T06:00:00+08:00,2026-04-30T18:00:00+08:00,陰短暫陣雨
宜蘭縣,天氣現象,2026-04-30T18:00:00+08:00,2026-05-01T06:00:00+08:00,陰短暫陣雨
宜蘭縣,天氣現象,2026-05-01T06:00:00+08:00,2026-05-01T18:00:00+08:00,陰天
宜蘭縣,天氣現象,2026-05-01T18:00:00+08:00,2026-05-02T06:00:00+08:00,陰時多雲
宜蘭縣,天氣現象,2026-05-02T06:00:00+08:00,2026-05-02T18:00:00+08:00,多雲
宜蘭縣,天氣現象,2026-05-02T18:00:00+08:00,2026-05-03T06:00:00+08:00,晴時多雲
宜蘭縣,天氣現象,2026-05-03T06:00:00+08:00,2026-05-03T18:00:00+08:00,晴午後短暫雷陣雨
宜蘭縣,天氣現象,2026-05-03T18:00:00+08:00,2026-05-04T06:00:00+08:00,多雲
新竹縣,最高溫度,2026-04-27T12:00:00+08:00,2026-04-27T18:00:00+08:00,29
新竹縣,最高溫度,2026-04-27T18:00:00+08:00,2026-04-28T06:00:00+08:00,25
新竹縣,最高溫度,2026-04-28T06:00:00+08:00,2026-04-28T18:00:00+08:00,30
新竹縣,最高溫度,2026-04-28T18:00:00+08:00,2026-04-29T06:00:00+08:00,27
新竹縣,最高溫度,2026-04-29T06:00:00+08:00,2026-04-29T18:00:00+08:00,27
新竹縣,最高溫度,2026-04-29T18:00:00+08:00,2026-04-30T06:00:00+08:00,24
新竹縣,最高溫度,2026-04-30T06:00:00+08:00,2026-04-30T18:00:00+08:00,22
新竹縣,最高溫度,2026-04-30T18:00:00+08:00,2026-05-01T06:00:00+08:00,21
新竹縣,最高溫度,2026-05-01T06:00:00+08:00,2026-05-01T18:00:00+08:00,26
新竹縣,最高溫度,2026-05-01T18:00:00+08:00,2026-05-02T06:00:00+08:00,24
新竹縣,最高溫度,2026-05-02T06:00:00+08:00,2026-05-02T18:00:00+08:00,28
新竹縣,最高溫度,2026-05-02T18:00:00+08:00,2026-05-03T06:00:00+08:00,25
新竹縣,最高溫度,2026-05-03T06:00:00+08:00,2026-05-03T18:00:00+08:00,29
新竹縣,最高溫度,2026-05-03T18:00:00+08:00,2026-05-04T06:00:00+08:00,26
新竹縣,最低溫度,2026-04-27T12:00:00+08:00,2026-04-27T18:00:00+08:00,25
新竹縣,最低溫度,2026-04-27T18:00:00+08:00,2026-04-28T06:00:00+08:00,20
新竹縣,最低溫度,2026-04-28T06:00:00+08:00,2026-04-28T18:00:00+08:00,20
新竹縣,最低溫度,2026-04-28T18:00:00+08:00,2026-04-29T06:00:00+08:00,23
新竹縣,最低溫度,2026-04-29T06:00:00+08:00,2026-04-29T18:00:00+08:00,23
新竹縣,最低溫度,2026-04-29T18:00:00+08:00,2026-04-30T06:00:00+08:00,19
新竹縣,最低溫度,2026-04-30T06:00:00+08:00,2026-04-30T18:00:00+08:00,19
新竹縣,最低溫度,2026-04-30T18:00:00+08:00,2026-05-01T06:00:00+08:00,19
新竹縣,最低溫度,2026-05-01T06:00:00+08:00,2026-05-01T18:00:00+08:00,19
新竹縣,最低溫度,2026-05-01T18:00:00+08:00,2026-05-02T06:00:00+08:00,20
新竹縣,最低溫度,2026-05-02T06:00:00+08:00,2026-05-02T18:00:00+08:00,20
新竹縣,最低溫度,2026-05-02T18:00:00+08:00,2026-05-03T06:00:00+08:00,21
新竹縣,最低溫度,2026-05-03T06:00:00+08:00,2026-05-03T18:00:00+08:00,22
新竹縣,最低溫度,2026-05-03T18:00:00+08:00,2026-05-04T06:00:00+08:00,22
新竹縣,12小時降雨機率,2026-04-27T12:00:00+08:00,2026-04-27T18:00:00+08:00,0
新竹縣,12小時降雨機率,2026-04-27T18:00:00+08:00,2026-04-28T06:00:00+08:00,0
新竹縣,12小時降雨機率,2026-04-28T06:00:00+08:00,2026-04-28T18:00:00+08:00,0
新竹縣,12小時降雨機率,2026-04-28T18:00:00+08:00,2026-04-29T06:00:00+08:00,20
新竹縣,12小時降雨機率,2026-04-29T06:00:00+08:00,2026-04-29T18:00:00+08:00,30
新竹縣,12小時降雨機率,2026-04-29T18:00:00+08:00,2026-04-30T06:00:00+08:00,50
新竹縣,12小時降雨機率,2026-04-30T06:00:00+08:00,2026-04-30T18:00:00+08:00,-
新竹縣,12小時降雨機率,2026-04-30T18:00:00+08:00,2026-05-01T06:00:00+08:00,-
新竹縣,12小時降雨機率,2026-05-01T06:00:00+08:00,2026-05-01T18:00:00+08:00,-
新竹縣,12小時降雨機率,2026-05-01T18:00:00+08:00,2026-05-02T06:00:00+08:00,-
新竹縣,12小時降雨機率,2026-05-02T06:00:00+08:00,2026-05-02T18:00:00+08:00,-
新竹縣,12小時降雨機率,2026-05-02T18:00:00+08:00,2026-05-03T06:00:00+08:00,-
新竹縣,12小時降雨機率,2026-05-03T06:00:00+08:00,2026-05-03T18:00:00+08:00,-
新竹縣,12小時降雨機率,2026-05-03T18:00:00+08:00,2026-05-04T06:00:00+08:00,-
新竹縣,天氣現象,2026-04-27T12:00:00+08:00,2026-04-27T18:00:00+08:00,晴時多雲
新竹縣,天氣現象,2026-04-27T18:00:00+08:00,2026-04-28T06:00:00+08:00,多雲時晴
新竹縣,天氣現象,2026-04-28T06:00:00+08:00,2026-04-28T18:00:00+08:00,多雲時晴
新竹縣,天氣現象,2026-04-28T18:00:00+08:00,2026-04-29T06:00:00+08:00,晴時多雲
新竹縣,天氣現象,2026-04-29T06:00:00+08:00,2026-04-29T18:00:00+08:00,多雲短暫陣雨或雷雨
新竹縣,天氣現象,2026-04-29T18:00:00+08:00,2026-04-30T06:00:00+08:00,陰短暫陣雨或雷雨
新竹縣,天氣現象,2026-04-30T06:00:00+08:00,2026-04-30T18:00:00+08:00,陰短暫陣雨或雷雨
新竹縣,天氣現象,2026-04-30T18:00:00+08:00,2026-05-01T06:00:00+08:00,陰短暫陣雨或雷雨
新竹縣,天氣現象,2026-05-01T06:00:00+08:00,2026-05-01T18:00:00+08:00,陰時多雲
新竹縣,天氣現象,2026-05-01T18:00:00+08:00,2026-05-02T06:00:00+08:00,晴時多雲
新竹縣,天氣現象,2026-05-02T06:00:00+08:00,2026-05-02T18:00:00+08:00,多雲
新竹縣,天氣現象,2026-05-02T18:00:00+08:00,2026-05-03T06:00:00+08:00,晴時多雲
新竹縣,天氣現象,2026-05-03T06:00:00+08:00,2026-05-03T18:00:00+08:00,多雲
新竹縣,天氣現象,2026-05-03T18:00:00+08:00,2026-05-04T06:00:00+08:00,多雲
苗栗縣,最高溫度,2026-04-27T12:00:00+08:00,2026-04-27T18:00:00+08:00,29
苗栗縣,最高溫度,2026-04-27T18:00:00+08:00,2026-04-28T06:00:00+08:00,25
苗栗縣,最高溫度,2026-04-28T06:00:00+08:00,2026-04-28T18:00:00+08:00,30
苗栗縣,最高溫度,2026-04-28T18:00:00+08:00,2026-04-29T06:00:00+08:00,27
苗栗縣,最高溫度,2026-04-29T06:00:00+08:00,2026-04-29T18:00:00+08:00,28
苗栗縣,最高溫度,2026-04-29T18:00:00+08:00,2026-04-30T06:00:00+08:00,25
苗栗縣,最高溫度,2026-04-30T06:00:00+08:00,2026-04-30T18:00:00+08:00,22
苗栗縣,最高溫度,2026-04-30T18:00:00+08:00,2026-05-01T06:00:00+08:00,21
苗栗縣,最高溫度,2026-05-01T06:00:00+08:00,2026-05-01T18:00:00+08:00,26
苗栗縣,最高溫度,2026-05-01T18:00:00+08:00,2026-05-02T06:00:00+08:00,24
苗栗縣,最高溫度,2026-05-02T06:00:00+08:00,2026-05-02T18:00:00+08:00,28
苗栗縣,最高溫度,2026-05-02T18:00:00+08:00,2026-05-03T06:00:00+08:00,26
苗栗縣,最高溫度,2026-05-03T06:00:00+08:00,2026-05-03T18:00:00+08:00,30
苗栗縣,最高溫度,2026-05-03T18:00:00+08:00,2026-05-04T06:00:00+08:00,27
苗栗縣,最低溫度,2026-04-27T12:00:00+08:00,2026-04-27T18:00:00+08:00,25
苗栗縣,最低溫度,2026-04-27T18:00:00+08:00,2026-04-28T06:00:00+08:00,20
苗栗縣,最低溫度,2026-04-28T06:00:00+08:00,2026-04-28T18:00:00+08:00,20
苗栗縣,最低溫度,2026-04-28T18:00:00+08:00,2026-04-29T06:00:00+08:00,22
苗栗縣,最低溫度,2026-04-29T06:00:00+08:00,2026-04-29T18:00:00+08:00,22
苗栗縣,最低溫度,2026-04-29T18:00:00+08:00,2026-04-30T06:00:00+08:00,20
苗栗縣,最低溫度,2026-04-30T06:00:00+08:00,2026-04-30T18:00:00+08:00,20
苗栗縣,最低溫度,2026-04-30T18:00:00+08:00,2026-05-01T06:00:00+08:00,19
苗栗縣,最低溫度,2026-05-01T06:00:00+08:00,2026-05-01T18:00:00+08:00,19
苗栗縣,最低溫度,2026-05-01T18:00:00+08:00,2026-05-02T06:00:00+08:00,21
苗栗縣,最低溫度,2026-05-02T06:00:00+08:00,2026-05-02T18:00:00+08:00,21
苗栗縣,最低溫度,2026-05-02T18:00:00+08:00,2026-05-03T06:00:00+08:00,22
苗栗縣,最低溫度,2026-05-03T06:00:00+08:00,2026-05-03T18:00:00+08:00,22
苗栗縣,最低溫度,2026-05-03T18:00:00+08:00,2026-05-04T06:00:00+08:00,23
苗栗縣,12小時降雨機率,2026-04-27T12:00:00+08:00,2026-04-27T18:00:00+08:00,0
苗栗縣,12小時降雨機率,2026-04-27T18:00:00+08:00,2026-04-28T06:00:00+08:00,0
苗栗縣,12小時降雨機率,2026-04-28T06:00:00+08:00,2026-04-28T18:00:00+08:00,0
苗栗縣,12小時降雨機率,2026-04-28T18:00:00+08:00,2026-04-29T06:00:00+08:00,20
苗栗縣,12小時降雨機率,2026-04-29T06:00:00+08:00,2026-04-29T18:00:00+08:00,30
苗栗縣,12小時降雨機率,2026-04-29T18:00:00+08:00,2026-04-30T06:00:00+08:00,40
苗栗縣,12小時降雨機率,2026-04-30T06:00:00+08:00,2026-04-30T18:00:00+08:00,-
苗栗縣,12小時降雨機率,2026-04-30T18:00:00+08:00,2026-05-01T06:00:00+08:00,-
苗栗縣,12小時降雨機率,2026-05-01T06:00:00+08:00,2026-05-01T18:00:00+08:00,-
苗栗縣,12小時降雨機率,2026-05-01T18:00:00+08:00,2026-05-02T06:00:00+08:00,-
苗栗縣,12小時降雨機率,2026-05-02T06:00:00+08:00,2026-05-02T18:00:00+08:00,-
苗栗縣,12小時降雨機率,2026-05-02T18:00:00+08:00,2026-05-03T06:00:00+08:00,-
苗栗縣,12小時降雨機率,2026-05-03T06:00:00+08:00,2026-05-03T18:00:00+08:00,-
苗栗縣,12小時降雨機率,2026-05-03T18:00:00+08:00,2026-05-04T06:00:00+08:00,-
苗栗縣,天氣現象,2026-04-27T12:00:00+08:00,2026-04-27T18:00:00+08:00,晴時多雲
苗栗縣,天氣現象,2026-04-27T18:00:00+08:00,2026-04-28T06:00:00+08:00,晴時多雲
苗栗縣,天氣現象,2026-04-28T06:00:00+08:00,2026-04-28T18:00:00+08:00,晴時多雲
苗栗縣,天氣現象,2026-04-28T18:00:00+08:00,2026-04-29T06:00:00+08:00,晴時多雲
苗栗縣,天氣現象,2026-04-29T06:00:00+08:00,2026-04-29T18:00:00+08:00,多雲短暫陣雨或雷雨
苗栗縣,天氣現象,2026-04-29T18:00:00+08:00,2026-04-30T06:00:00+08:00,陰短暫陣雨或雷雨
苗栗縣,天氣現象,2026-04-30T06:00:00+08:00,2026-04-30T18:00:00+08:00,陰短暫陣雨或雷雨
苗栗縣,天氣現象,2026-04-30T18:00:00+08:00,2026-05-01T06:00:00+08:00,多雲短暫陣雨或雷雨
苗栗縣,天氣現象,2026-05-01T06:00:00+08:00,2026-05-01T18:00:00+08:00,多雲時晴
苗栗縣,天氣現象,2026-05-01T18:00:00+08:00,2026-05-02T06:00:00+08:00,晴時多雲
苗栗縣,天氣現象,2026-05-02T06:00:00+08:00,2026-05-02T18:00:00+08:00,多雲時陰
苗栗縣,天氣現象,2026-05-02T18:00:00+08:00,2026-05-03T06:00:00+08:00,晴時多雲
苗栗縣,天氣現象,2026-05-03T06:00:00+08:00,2026-05-03T18:00:00+08:00,多雲午後短暫雷陣雨
苗栗縣,天氣現象,2026-05-03T18:00:00+08:00,2026-05-04T06:00:00+08:00,多雲短暫陣雨
彰化縣,最高溫度,2026-04-27T12:00:00+08:00,2026-04-27T18:00:00+08:00,29
彰化縣,最高溫度,2026-04-27T18:00:00+08:00,2026-04-28T06:00:00+08:00,26
彰化縣,最高溫度,2026-04-28T06:00:00+08:00,2026-04-28T18:00:00+08:00,31
彰化縣,最高溫度,2026-04-28T18:00:00+08:00,2026-04-29T06:00:00+08:00,28
彰化縣,最高溫度,2026-04-29T06:00:00+08:00,2026-04-29T18:00:00+08:00,29
彰化縣,最高溫度,2026-04-29T18:00:00+08:00,2026-04-30T06:00:00+08:00,26
彰化縣,最高溫度,2026-04-30T06:00:00+08:00,2026-04-30T18:00:00+08:00,24
彰化縣,最高溫度,2026-04-30T18:00:00+08:00,2026-05-01T06:00:00+08:00,22
彰化縣,最高溫度,2026-05-01T06:00:00+08:00,2026-05-01T18:00:00+08:00,28
彰化縣,最高溫度,2026-05-01T18:00:00+08:00,2026-05-02T06:00:00+08:00,25
彰化縣,最高溫度,2026-05-02T06:00:00+08:00,2026-05-02T18:00:00+08:00,29
彰化縣,最高溫度,2026-05-02T18:00:00+08:00,2026-05-03T06:00:00+08:00,27
彰化縣,最高溫度,2026-05-03T06:00:00+08:00,2026-05-03T18:00:00+08:00,30
彰化縣,最高溫度,2026-05-03T18:00:00+08:00,2026-05-04T06:00:00+08:00,28
彰化縣,最低溫度,2026-04-27T12:00:00+08:00,2026-04-27T18:00:00+08:00,26
彰化縣,最低溫度,2026-04-27T18:00:00+08:00,2026-04-28T06:00:00+08:00,22
彰化縣,最低溫度,2026-04-28T06:00:00+08:00,2026-04-28T18:00:00+08:00,22
彰化縣,最低溫度,2026-04-28T18:00:00+08:00,2026-04-29T06:00:00+08:00,23
彰化縣,最低溫度,2026-04-29T06:00:00+08:00,2026-04-29T18:00:00+08:00,23
彰化縣,最低溫度,2026-04-29T18:00:00+08:00,2026-04-30T06:00:00+08:00,21
彰化縣,最低溫度,2026-04-30T06:00:00+08:00,2026-04-30T18:00:00+08:00,21
彰化縣,最低溫度,2026-04-30T18:00:00+08:00,2026-05-01T06:00:00+08:00,20
彰化縣,最低溫度,2026-05-01T06:00:00+08:00,2026-05-01T18:00:00+08:00,20
彰化縣,最低溫度,2026-05-01T18:00:00+08:00,2026-05-02T06:00:00+08:00,22
彰化縣,最低溫度,2026-05-02T06:00:00+08:00,2026-05-02T18:00:00+08:00,22
彰化縣,最低溫度,2026-05-02T18:00:00+08:00,2026-05-03T06:00:00+08:00,23
彰化縣,最低溫度,2026-05-03T06:00:00+08:00,2026-05-03T18:00:00+08:00,23
彰化縣,最低溫度,2026-05-03T18:00:00+08:00,2026-05-04T06:00:00+08:00,24
彰化縣,12小時降雨機率,2026-04-27T12:00:00+08:00,2026-04-27T18:00:00+08:00,0
彰化縣,12小時降雨機率,2026-04-27T18:00:00+08:00,2026-04-28T06:00:00+08:00,0
彰化縣,12小時降雨機率,2026-04-28T06:00:00+08:00,2026-04-28T18:00:00+08:00,0
彰化縣,12小時降雨機率,2026-04-28T18:00:00+08:00,2026-04-29T06:00:00+08:00,20
彰化縣,12小時降雨機率,2026-04-29T06:00:00+08:00,2026-04-29T18:00:00+08:00,30
彰化縣,12小時降雨機率,2026-04-29T18:00:00+08:00,2026-04-30T06:00:00+08:00,30
彰化縣,12小時降雨機率,2026-04-30T06:00:00+08:00,2026-04-30T18:00:00+08:00,-
彰化縣,12小時降雨機率,2026-04-30T18:00:00+08:00,2026-05-01T06:00:00+08:00,-
彰化縣,12小時降雨機率,2026-05-01T06:00:00+08:00,2026-05-01T18:00:00+08:00,-
彰化縣,12小時降雨機率,2026-05-01T18:00:00+08:00,2026-05-02T06:00:00+08:00,-
彰化縣,12小時降雨機率,2026-05-02T06:00:00+08:00,2026-05-02T18:00:00+08:00,-
彰化縣,12小時降雨機率,2026-05-02T18:00:00+08:00,2026-05-03T06:00:00+08:00,-
彰化縣,12小時降雨機率,2026-05-03T06:00:00+08:00,2026-05-03T18:00:00+08:00,-
彰化縣,12小時降雨機率,2026-05-03T18:00:00+08:00,2026-05-04T06:00:00+08:00,-
彰化縣,天氣現象,2026-04-27T12:00:00+08:00,2026-04-27T18:00:00+08:00,晴時多雲
彰化縣,天氣現象,2026-04-27T18:00:00+08:00,2026-04-28T06:00:00+08:00,晴時多雲
彰化縣,天氣現象,2026-04-28T06:00:00+08:00,2026-04-28T18:00:00+08:00,晴時多雲
彰化縣,天氣現象,2026-04-28T18:00:00+08:00,2026-04-29T06:00:00+08:00,晴時多雲
彰化縣,天氣現象,2026-04-29T06:00:00+08:00,2026-04-29T18:00:00+08:00,多雲短暫陣雨或雷雨
彰化縣,天氣現象,2026-04-29T18:00:00+08:00,2026-04-30T06:00:00+08:00,陰短暫陣雨或雷雨
彰化縣,天氣現象,2026-04-30T06:00:00+08:00,2026-04-30T18:00:00+08:00,陰時多雲短暫陣雨或雷雨
彰化縣,天氣現象,2026-04-30T18:00:00+08:00,2026-05-01T06:00:00+08:00,多雲短暫陣雨或雷雨
彰化縣,天氣現象,2026-05-01T06:00:00+08:00,2026-05-01T18:00:00+08:00,晴時多雲
彰化縣,天氣現象,2026-05-01T18:00:00+08:00,2026-05-02T06:00:00+08:00,晴時多雲
彰化縣,天氣現象,2026-05-02T06:00:00+08:00,2026-05-02T18:00:00+08:00,多雲
彰化縣,天氣現象,2026-05-02T18:00:00+08:00,2026-05-03T06:00:00+08:00,晴時多雲
彰化縣,天氣現象,2026-05-03T06:00:00+08:00,2026-05-03T18:00:00+08:00,晴午後短暫雷陣雨
彰化縣,天氣現象,2026-05-03T18:00:00+08:00,2026-05-04T06:00:00+08:00,陰時多雲短暫陣雨
南投縣,最高溫度,2026-04-27T12:00:00+08:00,2026-04-27T18:00:00+08:00,30
南投縣,最高溫度,2026-04-27T18:00:00+08:00,2026-04-28T06:00:00+08:00,27
南投縣,最高溫度,2026-04-28T06:00:00+08:00,2026-04-28T18:00:00+08:00,32
南投縣,最高溫度,2026-04-28T18:00:00+08:00,2026-04-29T06:00:00+08:00,29
南投縣,最高溫度,2026-04-29T06:00:00+08:00,2026-04-29T18:00:00+08:00,30
南投縣,最高溫度,2026-04-29T18:00:00+08:00,2026-04-30T06:00:00+08:00,27
南投縣,最高溫度,2026-04-30T06:00:00+08:00,2026-04-30T18:00:00+08:00,24
南投縣,最高溫度,2026-04-30T18:00:00+08:00,2026-05-01T06:00:00+08:00,23
南投縣,最高溫度,2026-05-01T06:00:00+08:00,2026-05-01T18:00:00+08:00,29
南投縣,最高溫度,2026-05-01T18:00:00+08:00,2026-05-02T06:00:00+08:00,27
南投縣,最高溫度,2026-05-02T06:00:00+08:00,2026-05-02T18:00:00+08:00,30
南投縣,最高溫度,2026-05-02T18:00:00+08:00,2026-05-03T06:00:00+08:00,28
南投縣,最高溫度,2026-05-03T06:00:00+08:00,2026-05-03T18:00:00+08:00,31
南投縣,最高溫度,2026-05-03T18:00:00+08:00,2026-05-04T06:00:00+08:00,28
南投縣,最低溫度,2026-04-27T12:00:00+08:00,2026-04-27T18:00:00+08:00,27
南投縣,最低溫度,2026-04-27T18:00:00+08:00,2026-04-28T06:00:00+08:00,22
南投縣,最低溫度,2026-04-28T06:00:00+08:00,2026-04-28T18:00:00+08:00,22
南投縣,最低溫度,2026-04-28T18:00:00+08:00,2026-04-29T06:00:00+08:00,22
南投縣,最低溫度,2026-04-29T06:00:00+08:00,2026-04-29T18:00:00+08:00,22
南投縣,最低溫度,2026-04-29T18:00:00+08:00,2026-04-30T06:00:00+08:00,21
南投縣,最低溫度,2026-04-30T06:00:00+08:00,2026-04-30T18:00:00+08:00,21
南投縣,最低溫度,2026-04-30T18:00:00+08:00,2026-05-01T06:00:00+08:00,20
南投縣,最低溫度,2026-05-01T06:00:00+08:00,2026-05-01T18:00:00+08:00,20
南投縣,最低溫度,2026-05-01T18:00:00+08:00,2026-05-02T06:00:00+08:00,22
南投縣,最低溫度,2026-05-02T06:00:00+08:00,2026-05-02T18:00:00+08:00,22
南投縣,最低溫度,2026-05-02T18:00:00+08:00,2026-05-03T06:00:00+08:00,22
南投縣,最低溫度,2026-05-03T06:00:00+08:00,2026-05-03T18:00:00+08:00,22
南投縣,最低溫度,2026-05-03T18:00:00+08:00,2026-05-04T06:00:00+08:00,22
南投縣,12小時降雨機率,2026-04-27T12:00:00+08:00,2026-04-27T18:00:00+08:00,0
南投縣,12小時降雨機率,2026-04-27T18:00:00+08:00,2026-04-28T06:00:00+08:00,0
南投縣,12小時降雨機率,2026-04-28T06:00:00+08:00,2026-04-28T18:00:00+08:00,10
南投縣,12小時降雨機率,2026-04-28T18:00:00+08:00,2026-04-29T06:00:00+08:00,20
南投縣,12小時降雨機率,2026-04-29T06:00:00+08:00,2026-04-29T18:00:00+08:00,30
南投縣,12小時降雨機率,2026-04-29T18:00:00+08:00,2026-04-30T06:00:00+08:00,30
南投縣,12小時降雨機率,2026-04-30T06:00:00+08:00,2026-04-30T18:00:00+08:00,-
南投縣,12小時降雨機率,2026-04-30T18:00:00+08:00,2026-05-01T06:00:00+08:00,-
南投縣,12小時降雨機率,2026-05-01T06:00:00+08:00,2026-05-01T18:00:00+08:00,-
南投縣,12小時降雨機率,2026-05-01T18:00:00+08:00,2026-05-02T06:00:00+08:00,-
南投縣,12小時降雨機率,2026-05-02T06:00:00+08:00,2026-05-02T18:00:00+08:00,-
南投縣,12小時降雨機率,2026-05-02T18:00:00+08:00,2026-05-03T06:00:00+08:00,-
南投縣,12小時降雨機率,2026-05-03T06:00:00+08:00,2026-05-03T18:00:00+08:00,-
南投縣,12小時降雨機率,2026-05-03T18:00:00+08:00,2026-05-04T06:00:00+08:00,-
南投縣,天氣現象,2026-04-27T12:00:00+08:00,2026-04-27T18:00:00+08:00,晴時多雲
南投縣,天氣現象,2026-04-27T18:00:00+08:00,2026-04-28T06:00:00+08:00,晴時多雲
南投縣,天氣現象,2026-04-28T06:00:00+08:00,2026-04-28T18:00:00+08:00,晴時多雲
南投縣,天氣現象,2026-04-28T18:00:00+08:00,2026-04-29T06:00:00+08:00,晴時多雲
南投縣,天氣現象,2026-04-29T06:00:00+08:00,2026-04-29T18:00:00+08:00,多雲短暫陣雨或雷雨
南投縣,天氣現象,2026-04-29T18:00:00+08:00,2026-04-30T06:00:00+08:00,陰時多雲短暫陣雨或雷雨
南投縣,天氣現象,2026-04-30T06:00:00+08:00,2026-04-30T18:00:00+08:00,陰短暫陣雨或雷雨
南投縣,天氣現象,2026-04-30T18:00:00+08:00,2026-05-01T06:00:00+08:00,多雲短暫陣雨或雷雨
南投縣,天氣現象,2026-05-01T06:00:00+08:00,2026-05-01T18:00:00+08:00,晴時多雲
南投縣,天氣現象,2026-05-01T18:00:00+08:00,2026-05-02T06:00:00+08:00,晴時多雲
南投縣,天氣現象,2026-05-02T06:00:00+08:00,2026-05-02T18:00:00+08:00,多雲
南投縣,天氣現象,2026-05-02T18:00:00+08:00,2026-05-03T06:00:00+08:00,晴時多雲
南投縣,天氣現象,2026-05-03T06:00:00+08:00,2026-05-03T18:00:00+08:00,晴午後短暫雷陣雨
南投縣,天氣現象,2026-05-03T18:00:00+08:00,2026-05-04T06:00:00+08:00,陰短暫陣雨
雲林縣,最高溫度,2026-04-27T12:00:00+08:00,2026-04-27T18:00:00+08:00,30
雲林縣,最高溫度,2026-04-27T18:00:00+08:00,2026-04-28T06:00:00+08:00,27
雲林縣,最高溫度,2026-04-28T06:00:00+08:00,2026-04-28T18:00:00+08:00,32
雲林縣,最高溫度,2026-04-28T18:00:00+08:00,2026-04-29T06:00:00+08:00,28
雲林縣,最高溫度,2026-04-29T06:00:00+08:00,2026-04-29T18:00:00+08:00,30
雲林縣,最高溫度,2026-04-29T18:00:00+08:00,2026-04-30T06:00:00+08:00,26
雲林縣,最高溫度,2026-04-30T06:00:00+08:00,2026-04-30T18:00:00+08:00,25
雲林縣,最高溫度,2026-04-30T18:00:00+08:00,2026-05-01T06:00:00+08:00,23
雲林縣,最高溫度,2026-05-01T06:00:00+08:00,2026-05-01T18:00:00+08:00,29
雲林縣,最高溫度,2026-05-01T18:00:00+08:00,2026-05-02T06:00:00+08:00,26
雲林縣,最高溫度,2026-05-02T06:00:00+08:00,2026-05-02T18:00:00+08:00,30
雲林縣,最高溫度,2026-05-02T18:00:00+08:00,2026-05-03T06:00:00+08:00,27
雲林縣,最高溫度,2026-05-03T06:00:00+08:00,2026-05-03T18:00:00+08:00,31
雲林縣,最高溫度,2026-05-03T18:00:00+08:00,2026-05-04T06:00:00+08:00,28
雲林縣,最低溫度,2026-04-27T12:00:00+08:00,2026-04-27T18:00:00+08:00,27
雲林縣,最低溫度,2026-04-27T18:00:00+08:00,2026-04-28T06:00:00+08:00,22
雲林縣,最低溫度,2026-04-28T06:00:00+08:00,2026-04-28T18:00:00+08:00,22
雲林縣,最低溫度,2026-04-28T18:00:00+08:00,2026-04-29T06:00:00+08:00,22
雲林縣,最低溫度,2026-04-29T06:00:00+08:00,2026-04-29T18:00:00+08:00,22
雲林縣,最低溫度,2026-04-29T18:00:00+08:00,2026-04-30T06:00:00+08:00,21
雲林縣,最低溫度,2026-04-30T06:00:00+08:00,2026-04-30T18:00:00+08:00,21
雲林縣,最低溫度,2026-04-30T18:00:00+08:00,2026-05-01T06:00:00+08:00,20
雲林縣,最低溫度,2026-05-01T06:00:00+08:00,2026-05-01T18:00:00+08:00,20
雲林縣,最低溫度,2026-05-01T18:00:00+08:00,2026-05-02T06:00:00+08:00,22
雲林縣,最低溫度,2026-05-02T06:00:00+08:00,2026-05-02T18:00:00+08:00,22
雲林縣,最低溫度,2026-05-02T18:00:00+08:00,2026-05-03T06:00:00+08:00,22
雲林縣,最低溫度,2026-05-03T06:00:00+08:00,2026-05-03T18:00:00+08:00,22
雲林縣,最低溫度,2026-05-03T18:00:00+08:00,2026-05-04T06:00:00+08:00,23
雲林縣,12小時降雨機率,2026-04-27T12:00:00+08:00,2026-04-27T18:00:00+08:00,0
雲林縣,12小時降雨機率,2026-04-27T18:00:00+08:00,2026-04-28T06:00:00+08:00,0
雲林縣,12小時降雨機率,2026-04-28T06:00:00+08:00,2026-04-28T18:00:00+08:00,0
雲林縣,12小時降雨機率,2026-04-28T18:00:00+08:00,2026-04-29T06:00:00+08:00,20
雲林縣,12小時降雨機率,2026-04-29T06:00:00+08:00,2026-04-29T18:00:00+08:00,20
雲林縣,12小時降雨機率,2026-04-29T18:00:00+08:00,2026-04-30T06:00:00+08:00,30
雲林縣,12小時降雨機率,2026-04-30T06:00:00+08:00,2026-04-30T18:00:00+08:00,-
雲林縣,12小時降雨機率,2026-04-30T18:00:00+08:00,2026-05-01T06:00:00+08:00,-
雲林縣,12小時降雨機率,2026-05-01T06:00:00+08:00,2026-05-01T18:00:00+08:00,-
雲林縣,12小時降雨機率,2026-05-01T18:00:00+08:00,2026-05-02T06:00:00+08:00,-
雲林縣,12小時降雨機率,2026-05-02T06:00:00+08:00,2026-05-02T18:00:00+08:00,-
雲林縣,12小時降雨機率,2026-05-02T18:00:00+08:00,2026-05-03T06:00:00+08:00,-
雲林縣,12小時降雨機率,2026-05-03T06:00:00+08:00,2026-05-03T18:00:00+08:00,-
雲林縣,12小時降雨機率,2026-05-03T18:00:00+08:00,2026-05-04T06:00:00+08:00,-
雲林縣,天氣現象,2026-04-27T12:00:00+08:00,2026-04-27T18:00:00+08:00,晴時多雲
雲林縣,天氣現象,2026-04-27T18:00:00+08:00,2026-04-28T06:00:00+08:00,晴時多雲
雲林縣,天氣現象,2026-04-28T06:00:00+08:00,2026-04-28T18:00:00+08:00,晴時多雲
雲林縣,天氣現象,2026-04-28T18:00:00+08:00,2026-04-29T06:00:00+08:00,晴時多雲
雲林縣,天氣現象,2026-04-29T06:00:00+08:00,2026-04-29T18:00:00+08:00,晴時多雲
雲林縣,天氣現象,2026-04-29T18:00:00+08:00,2026-04-30T06:00:00+08:00,陰時多雲短暫陣雨或雷雨
雲林縣,天氣現象,2026-04-30T06:00:00+08:00,2026-04-30T18:00:00+08:00,陰時多雲短暫陣雨或雷雨
雲林縣,天氣現象,2026-04-30T18:00:00+08:00,2026-05-01T06:00:00+08:00,多雲短暫陣雨或雷雨
雲林縣,天氣現象,2026-05-01T06:00:00+08:00,2026-05-01T18:00:00+08:00,多雲時晴
雲林縣,天氣現象,2026-05-01T18:00:00+08:00,2026-05-02T06:00:00+08:00,晴時多雲
雲林縣,天氣現象,2026-05-02T06:00:00+08:00,2026-05-02T18:00:00+08:00,多雲
雲林縣,天氣現象,2026-05-02T18:00:00+08:00,2026-05-03T06:00:00+08:00,多雲時晴
雲林縣,天氣現象,2026-05-03T06:00:00+08:00,2026-05-03T18:00:00+08:00,晴午後短暫雷陣雨
雲林縣,天氣現象,2026-05-03T18:00:00+08:00,2026-05-04T06:00:00+08:00,多雲短暫陣雨
嘉義縣,最高溫度,2026-04-27T12:00:00+08:00,2026-04-27T18:00:00+08:00,30
嘉義縣,最高溫度,2026-04-27T18:00:00+08:00,2026-04-28T06:00:00+08:00,27
嘉義縣,最高溫度,2026-04-28T06:00:00+08:00,2026-04-28T18:00:00+08:00,32
嘉義縣,最高溫度,2026-04-28T18:00:00+08:00,2026-04-29T06:00:00+08:00,29
嘉義縣,最高溫度,2026-04-29T06:00:00+08:00,2026-04-29T18:00:00+08:00,30
嘉義縣,最高溫度,2026-04-29T18:00:00+08:00,2026-04-30T06:00:00+08:00,27
嘉義縣,最高溫度,2026-04-30T06:00:00+08:00,2026-04-30T18:00:00+08:00,26
嘉義縣,最高溫度,2026-04-30T18:00:00+08:00,2026-05-01T06:00:00+08:00,24
嘉義縣,最高溫度,2026-05-01T06:00:00+08:00,2026-05-01T18:00:00+08:00,29
嘉義縣,最高溫度,2026-05-01T18:00:00+08:00,2026-05-02T06:00:00+08:00,26
嘉義縣,最高溫度,2026-05-02T06:00:00+08:00,2026-05-02T18:00:00+08:00,30
嘉義縣,最高溫度,2026-05-02T18:00:00+08:00,2026-05-03T06:00:00+08:00,27
嘉義縣,最高溫度,2026-05-03T06:00:00+08:00,2026-05-03T18:00:00+08:00,30
嘉義縣,最高溫度,2026-05-03T18:00:00+08:00,2026-05-04T06:00:00+08:00,28
嘉義縣,最低溫度,2026-04-27T12:00:00+08:00,2026-04-27T18:00:00+08:00,27
嘉義縣,最低溫度,2026-04-27T18:00:00+08:00,2026-04-28T06:00:00+08:00,21
嘉義縣,最低溫度,2026-04-28T06:00:00+08:00,2026-04-28T18:00:00+08:00,21
嘉義縣,最低溫度,2026-04-28T18:00:00+08:00,2026-04-29T06:00:00+08:00,22
嘉義縣,最低溫度,2026-04-29T06:00:00+08:00,2026-04-29T18:00:00+08:00,22
嘉義縣,最低溫度,2026-04-29T18:00:00+08:00,2026-04-30T06:00:00+08:00,21
嘉義縣,最低溫度,2026-04-30T06:00:00+08:00,2026-04-30T18:00:00+08:00,21
嘉義縣,最低溫度,2026-04-30T18:00:00+08:00,2026-05-01T06:00:00+08:00,20
嘉義縣,最低溫度,2026-05-01T06:00:00+08:00,2026-05-01T18:00:00+08:00,20
嘉義縣,最低溫度,2026-05-01T18:00:00+08:00,2026-05-02T06:00:00+08:00,22
嘉義縣,最低溫度,2026-05-02T06:00:00+08:00,2026-05-02T18:00:00+08:00,22
嘉義縣,最低溫度,2026-05-02T18:00:00+08:00,2026-05-03T06:00:00+08:00,22
嘉義縣,最低溫度,2026-05-03T06:00:00+08:00,2026-05-03T18:00:00+08:00,22
嘉義縣,最低溫度,2026-05-03T18:00:00+08:00,2026-05-04T06:00:00+08:00,24
嘉義縣,12小時降雨機率,2026-04-27T12:00:00+08:00,2026-04-27T18:00:00+08:00,0
嘉義縣,12小時降雨機率,2026-04-27T18:00:00+08:00,2026-04-28T06:00:00+08:00,0
嘉義縣,12小時降雨機率,2026-04-28T06:00:00+08:00,2026-04-28T18:00:00+08:00,10
嘉義縣,12小時降雨機率,2026-04-28T18:00:00+08:00,2026-04-29T06:00:00+08:00,20
嘉義縣,12小時降雨機率,2026-04-29T06:00:00+08:00,2026-04-29T18:00:00+08:00,20
嘉義縣,12小時降雨機率,2026-04-29T18:00:00+08:00,2026-04-30T06:00:00+08:00,30
嘉義縣,12小時降雨機率,2026-04-30T06:00:00+08:00,2026-04-30T18:00:00+08:00,-
嘉義縣,12小時降雨機率,2026-04-30T18:00:00+08:00,2026-05-01T06:00:00+08:00,-
嘉義縣,12小時降雨機率,2026-05-01T06:00:00+08:00,2026-05-01T18:00:00+08:00,-
嘉義縣,12小時降雨機率,2026-05-01T18:00:00+08:00,2026-05-02T06:00:00+08:00,-
嘉義縣,12小時降雨機率,2026-05-02T06:00:00+08:00,2026-05-02T18:00:00+08:00,-
嘉義縣,12小時降雨機率,2026-05-02T18:00:00+08:00,2026-05-03T06:00:00+08:00,-
嘉義縣,12小時降雨機率,2026-05-03T06:00:00+08:00,2026-05-03T18:00:00+08:00,-
嘉義縣,12小時降雨機率,2026-05-03T18:00:00+08:00,2026-05-04T06:00:00+08:00,-
嘉義縣,天氣現象,2026-04-27T12:00:00+08:00,2026-04-27T18:00:00+08:00,晴時多雲
嘉義縣,天氣現象,2026-04-27T18:00:00+08:00,2026-04-28T06:00:00+08:00,晴時多雲
嘉義縣,天氣現象,2026-04-28T06:00:00+08:00,2026-04-28T18:00:00+08:00,晴時多雲
嘉義縣,天氣現象,2026-04-28T18:00:00+08:00,2026-04-29T06:00:00+08:00,晴時多雲
嘉義縣,天氣現象,2026-04-29T06:00:00+08:00,2026-04-29T18:00:00+08:00,晴時多雲
嘉義縣,天氣現象,2026-04-29T18:00:00+08:00,2026-04-30T06:00:00+08:00,多雲時陰短暫陣雨或雷雨
嘉義縣,天氣現象,2026-04-30T06:00:00+08:00,2026-04-30T18:00:00+08:00,多雲短暫陣雨或雷雨
嘉義縣,天氣現象,2026-04-30T18:00:00+08:00,2026-05-01T06:00:00+08:00,多雲短暫陣雨或雷雨
嘉義縣,天氣現象,2026-05-01T06:00:00+08:00,2026-05-01T18:00:00+08:00,晴時多雲
嘉義縣,天氣現象,2026-05-01T18:00:00+08:00,2026-05-02T06:00:00+08:00,晴時多雲
嘉義縣,天氣現象,2026-05-02T06:00:00+08:00,2026-05-02T18:00:00+08:00,多雲
嘉義縣,天氣現象,2026-05-02T18:00:00+08:00,2026-05-03T06:00:00+08:00,多雲時晴
嘉義縣,天氣現象,2026-05-03T06:00:00+08:00,2026-05-03T18:00:00+08:00,晴午後短暫雷陣雨
嘉義縣,天氣現象,2026-05-03T18:00:00+08:00,2026-05-04T06:00:00+08:00,多雲短暫陣雨
屏東縣,最高溫度,2026-04-27T12:00:00+08:00,2026-04-27T18:00:00+08:00,32
屏東縣,最高溫度,2026-04-27T18:00:00+08:00,2026-04-28T06:00:00+08:00,29
屏東縣,最高溫度,2026-04-28T06:00:00+08:00,2026-04-28T18:00:00+08:00,33
屏東縣,最高溫度,2026-04-28T18:00:00+08:00,2026-04-29T06:00:00+08:00,30
屏東縣,最高溫度,2026-04-29T06:00:00+08:00,2026-04-29T18:00:00+08:00,32
屏東縣,最高溫度,2026-04-29T18:00:00+08:00,2026-04-30T06:00:00+08:00,29
屏東縣,最高溫度,2026-04-30T06:00:00+08:00,2026-04-30T18:00:00+08:00,30
屏東縣,最高溫度,2026-04-30T18:00:00+08:00,2026-05-01T06:00:00+08:00,27
屏東縣,最高溫度,2026-05-01T06:00:00+08:00,2026-05-01T18:00:00+08:00,31
屏東縣,最高溫度,2026-05-01T18:00:00+08:00,2026-05-02T06:00:00+08:00,28
屏東縣,最高溫度,2026-05-02T06:00:00+08:00,2026-05-02T18:00:00+08:00,32
屏東縣,最高溫度,2026-05-02T18:00:00+08:00,2026-05-03T06:00:00+08:00,29
屏東縣,最高溫度,2026-05-03T06:00:00+08:00,2026-05-03T18:00:00+08:00,32
屏東縣,最高溫度,2026-05-03T18:00:00+08:00,2026-05-04T06:00:00+08:00,29
屏東縣,最低溫度,2026-04-27T12:00:00+08:00,2026-04-27T18:00:00+08:00,29
屏東縣,最低溫度,2026-04-27T18:00:00+08:00,2026-04-28T06:00:00+08:00,23
屏東縣,最低溫度,2026-04-28T06:00:00+08:00,2026-04-28T18:00:00+08:00,23
屏東縣,最低溫度,2026-04-28T18:00:00+08:00,2026-04-29T06:00:00+08:00,24
屏東縣,最低溫度,2026-04-29T06:00:00+08:00,2026-04-29T18:00:00+08:00,24
屏東縣,最低溫度,2026-04-29T18:00:00+08:00,2026-04-30T06:00:00+08:00,23
屏東縣,最低溫度,2026-04-30T06:00:00+08:00,2026-04-30T18:00:00+08:00,23
屏東縣,最低溫度,2026-04-30T18:00:00+08:00,2026-05-01T06:00:00+08:00,22
屏東縣,最低溫度,2026-05-01T06:00:00+08:00,2026-05-01T18:00:00+08:00,22
屏東縣,最低溫度,2026-05-01T18:00:00+08:00,2026-05-02T06:00:00+08:00,23
屏東縣,最低溫度,2026-05-02T06:00:00+08:00,2026-05-02T18:00:00+08:00,23
屏東縣,最低溫度,2026-05-02T18:00:00+08:00,2026-05-03T06:00:00+08:00,23
屏東縣,最低溫度,2026-05-03T06:00:00+08:00,2026-05-03T18:00:00+08:00,23
屏東縣,最低溫度,2026-05-03T18:00:00+08:00,2026-05-04T06:00:00+08:00,24
屏東縣,12小時降雨機率,2026-04-27T12:00:00+08:00,2026-04-27T18:00:00+08:00,0
屏東縣,12小時降雨機率,2026-04-27T18:00:00+08:00,2026-04-28T06:00:00+08:00,0
屏東縣,12小時降雨機率,2026-04-28T06:00:00+08:00,2026-04-28T18:00:00+08:00,10
屏東縣,12小時降雨機率,2026-04-28T18:00:00+08:00,2026-04-29T06:00:00+08:00,20
屏東縣,12小時降雨機率,2026-04-29T06:00:00+08:00,2026-04-29T18:00:00+08:00,20
屏東縣,12小時降雨機率,2026-04-29T18:00:00+08:00,2026-04-30T06:00:00+08:00,30
屏東縣,12小時降雨機率,2026-04-30T06:00:00+08:00,2026-04-30T18:00:00+08:00,-
屏東縣,12小時降雨機率,2026-04-30T18:00:00+08:00,2026-05-01T06:00:00+08:00,-
屏東縣,12小時降雨機率,2026-05-01T06:00:00+08:00,2026-05-01T18:00:00+08:00,-
屏東縣,12小時降雨機率,2026-05-01T18:00:00+08:00,2026-05-02T06:00:00+08:00,-
屏東縣,12小時降雨機率,2026-05-02T06:00:00+08:00,2026-05-02T18:00:00+08:00,-
屏東縣,12小時降雨機率,2026-05-02T18:00:00+08:00,2026-05-03T06:00:00+08:00,-
屏東縣,12小時降雨機率,2026-05-03T06:00:00+08:00,2026-05-03T18:00:00+08:00,-
屏東縣,12小時降雨機率,2026-05-03T18:00:00+08:00,2026-05-04T06:00:00+08:00,-
屏東縣,天氣現象,2026-04-27T12:00:00+08:00,2026-04-27T18:00:00+08:00,晴時多雲
屏東縣,天氣現象,2026-04-27T18:00:00+08:00,2026-04-28T06:00:00+08:00,晴時多雲
屏東縣,天氣現象,2026-04-28T06:00:00+08:00,2026-04-28T18:00:00+08:00,晴時多雲
屏東縣,天氣現象,2026-04-28T18:00:00+08:00,2026-04-29T06:00:00+08:00,晴時多雲
屏東縣,天氣現象,2026-04-29T06:00:00+08:00,2026-04-29T18:00:00+08:00,晴時多雲
屏東縣,天氣現象,2026-04-29T18:00:00+08:00,2026-04-30T06:00:00+08:00,多雲短暫陣雨或雷雨
屏東縣,天氣現象,2026-04-30T06:00:00+08:00,2026-04-30T18:00:00+08:00,多雲短暫陣雨或雷雨
屏東縣,天氣現象,2026-04-30T18:00:00+08:00,2026-05-01T06:00:00+08:00,多雲時陰短暫陣雨或雷雨
屏東縣,天氣現象,2026-05-01T06:00:00+08:00,2026-05-01T18:00:00+08:00,多雲時晴
屏東縣,天氣現象,2026-05-01T18:00:00+08:00,2026-05-02T06:00:00+08:00,晴時多雲
屏東縣,天氣現象,2026-05-02T06:00:00+08:00,2026-05-02T18:00:00+08:00,晴時多雲
屏東縣,天氣現象,2026-05-02T18:00:00+08:00,2026-05-03T06:00:00+08:00,多雲時晴
屏東縣,天氣現象,2026-05-03T06:00:00+08:00,2026-05-03T18:00:00+08:00,多雲短暫陣雨
屏東縣,天氣現象,2026-05-03T18:00:00+08:00,2026-05-04T06:00:00+08:00,多雲時陰短暫陣雨
臺東縣,最高溫度,2026-04-27T12:00:00+08:00,2026-04-27T18:00:00+08:00,29
臺東縣,最高溫度,2026-04-27T18:00:00+08:00,2026-04-28T06:00:00+08:00,26
臺東縣,最高溫度,2026-04-28T06:00:00+08:00,2026-04-28T18:00:00+08:00,29
臺東縣,最高溫度,2026-04-28T18:00:00+08:00,2026-04-29T06:00:00+08:00,27
臺東縣,最高溫度,2026-04-29T06:00:00+08:00,2026-04-29T18:00:00+08:00,30
臺東縣,最高溫度,2026-04-29T18:00:00+08:00,2026-04-30T06:00:00+08:00,27
臺東縣,最高溫度,2026-04-30T06:00:00+08:00,2026-04-30T18:00:00+08:00,28
臺東縣,最高溫度,2026-04-30T18:00:00+08:00,2026-05-01T06:00:00+08:00,25
臺東縣,最高溫度,2026-05-01T06:00:00+08:00,2026-05-01T18:00:00+08:00,27
臺東縣,最高溫度,2026-05-01T18:00:00+08:00,2026-05-02T06:00:00+08:00,25
臺東縣,最高溫度,2026-05-02T06:00:00+08:00,2026-05-02T18:00:00+08:00,29
臺東縣,最高溫度,2026-05-02T18:00:00+08:00,2026-05-03T06:00:00+08:00,26
臺東縣,最高溫度,2026-05-03T06:00:00+08:00,2026-05-03T18:00:00+08:00,30
臺東縣,最高溫度,2026-05-03T18:00:00+08:00,2026-05-04T06:00:00+08:00,27
臺東縣,最低溫度,2026-04-27T12:00:00+08:00,2026-04-27T18:00:00+08:00,26
臺東縣,最低溫度,2026-04-27T18:00:00+08:00,2026-04-28T06:00:00+08:00,23
臺東縣,最低溫度,2026-04-28T06:00:00+08:00,2026-04-28T18:00:00+08:00,23
臺東縣,最低溫度,2026-04-28T18:00:00+08:00,2026-04-29T06:00:00+08:00,23
臺東縣,最低溫度,2026-04-29T06:00:00+08:00,2026-04-29T18:00:00+08:00,23
臺東縣,最低溫度,2026-04-29T18:00:00+08:00,2026-04-30T06:00:00+08:00,23
臺東縣,最低溫度,2026-04-30T06:00:00+08:00,2026-04-30T18:00:00+08:00,23
臺東縣,最低溫度,2026-04-30T18:00:00+08:00,2026-05-01T06:00:00+08:00,22
臺東縣,最低溫度,2026-05-01T06:00:00+08:00,2026-05-01T18:00:00+08:00,22
臺東縣,最低溫度,2026-05-01T18:00:00+08:00,2026-05-02T06:00:00+08:00,21
臺東縣,最低溫度,2026-05-02T06:00:00+08:00,2026-05-02T18:00:00+08:00,21
臺東縣,最低溫度,2026-05-02T18:00:00+08:00,2026-05-03T06:00:00+08:00,23
臺東縣,最低溫度,2026-05-03T06:00:00+08:00,2026-05-03T18:00:00+08:00,23
臺東縣,最低溫度,2026-05-03T18:00:00+08:00,2026-05-04T06:00:00+08:00,23
臺東縣,12小時降雨機率,2026-04-27T12:00:00+08:00,2026-04-27T18:00:00+08:00,10
臺東縣,12小時降雨機率,2026-04-27T18:00:00+08:00,2026-04-28T06:00:00+08:00,10
臺東縣,12小時降雨機率,2026-04-28T06:00:00+08:00,2026-04-28T18:00:00+08:00,30
臺東縣,12小時降雨機率,2026-04-28T18:00:00+08:00,2026-04-29T06:00:00+08:00,20
臺東縣,12小時降雨機率,2026-04-29T06:00:00+08:00,2026-04-29T18:00:00+08:00,20
臺東縣,12小時降雨機率,2026-04-29T18:00:00+08:00,2026-04-30T06:00:00+08:00,20
臺東縣,12小時降雨機率,2026-04-30T06:00:00+08:00,2026-04-30T18:00:00+08:00,-
臺東縣,12小時降雨機率,2026-04-30T18:00:00+08:00,2026-05-01T06:00:00+08:00,-
臺東縣,12小時降雨機率,2026-05-01T06:00:00+08:00,2026-05-01T18:00:00+08:00,-
臺東縣,12小時降雨機率,2026-05-01T18:00:00+08:00,2026-05-02T06:00:00+08:00,-
臺東縣,12小時降雨機率,2026-05-02T06:00:00+08:00,2026-05-02T18:00:00+08:00,-
臺東縣,12小時降雨機率,2026-05-02T18:00:00+08:00,2026-05-03T06:00:00+08:00,-
臺東縣,12小時降雨機率,2026-05-03T06:00:00+08:00,2026-05-03T18:00:00+08:00,-
臺東縣,12小時降雨機率,2026-05-03T18:00:00+08:00,2026-05-04T06:00:00+08:00,-
臺東縣,天氣現象,2026-04-27T12:00:00+08:00,2026-04-27T18:00:00+08:00,晴時多雲
臺東縣,天氣現象,2026-04-27T18:00:00+08:00,2026-04-28T06:00:00+08:00,多雲時陰
臺東縣,天氣現象,2026-04-28T06:00:00+08:00,2026-04-28T18:00:00+08:00,多雲短暫陣雨
臺東縣,天氣現象,2026-04-28T18:00:00+08:00,2026-04-29T06:00:00+08:00,多雲時陰
臺東縣,天氣現象,2026-04-29T06:00:00+08:00,2026-04-29T18:00:00+08:00,晴時多雲
臺東縣,天氣現象,2026-04-29T18:00:00+08:00,2026-04-30T06:00:00+08:00,晴時多雲
臺東縣,天氣現象,2026-04-30T06:00:00+08:00,2026-04-30T18:00:00+08:00,陰時多雲短暫陣雨
臺東縣,天氣現象,2026-04-30T18:00:00+08:00,2026-05-01T06:00:00+08:00,陰短暫陣雨
臺東縣,天氣現象,2026-05-01T06:00:00+08:00,2026-05-01T18:00:00+08:00,陰天
臺東縣,天氣現象,2026-05-01T18:00:00+08:00,2026-05-02T06:00:00+08:00,陰時多雲
臺東縣,天氣現象,2026-05-02T06:00:00+08:00,2026-05-02T18:00:00+08:00,多雲時晴
臺東縣,天氣現象,2026-05-02T18:00:00+08:00,2026-05-03T06:00:00+08:00,多雲時晴
臺東縣,天氣現象,2026-05-03T06:00:00+08:00,2026-05-03T18:00:00+08:00,多雲短暫陣雨
臺東縣,天氣現象,2026-05-03T18:00:00+08:00,2026-05-04T06:00:00+08:00,多雲短暫陣雨
花蓮縣,最高溫度,2026-04-27T12:00:00+08:00,2026-04-27T18:00:00+08:00,28
花蓮縣,最高溫度,2026-04-27T18:00:00+08:00,2026-04-28T06:00:00+08:00,25
花蓮縣,最高溫度,2026-04-28T06:00:00+08:00,2026-04-28T18:00:00+08:00,28
花蓮縣,最高溫度,2026-04-28T18:00:00+08:00,2026-04-29T06:00:00+08:00,26
花蓮縣,最高溫度,2026-04-29T06:00:00+08:00,2026-04-29T18:00:00+08:00,29
花蓮縣,最高溫度,2026-04-29T18:00:00+08:00,2026-04-30T06:00:00+08:00,26
花蓮縣,最高溫度,2026-04-30T06:00:00+08:00,2026-04-30T18:00:00+08:00,24
花蓮縣,最高溫度,2026-04-30T18:00:00+08:00,2026-05-01T06:00:00+08:00,23
花蓮縣,最高溫度,2026-05-01T06:00:00+08:00,2026-05-01T18:00:00+08:00,24
花蓮縣,最高溫度,2026-05-01T18:00:00+08:00,2026-05-02T06:00:00+08:00,23
花蓮縣,最高溫度,2026-05-02T06:00:00+08:00,2026-05-02T18:00:00+08:00,27
花蓮縣,最高溫度,2026-05-02T18:00:00+08:00,2026-05-03T06:00:00+08:00,25
花蓮縣,最高溫度,2026-05-03T06:00:00+08:00,2026-05-03T18:00:00+08:00,28
花蓮縣,最高溫度,2026-05-03T18:00:00+08:00,2026-05-04T06:00:00+08:00,26
花蓮縣,最低溫度,2026-04-27T12:00:00+08:00,2026-04-27T18:00:00+08:00,25
花蓮縣,最低溫度,2026-04-27T18:00:00+08:00,2026-04-28T06:00:00+08:00,22
花蓮縣,最低溫度,2026-04-28T06:00:00+08:00,2026-04-28T18:00:00+08:00,22
花蓮縣,最低溫度,2026-04-28T18:00:00+08:00,2026-04-29T06:00:00+08:00,23
花蓮縣,最低溫度,2026-04-29T06:00:00+08:00,2026-04-29T18:00:00+08:00,23
花蓮縣,最低溫度,2026-04-29T18:00:00+08:00,2026-04-30T06:00:00+08:00,22
花蓮縣,最低溫度,2026-04-30T06:00:00+08:00,2026-04-30T18:00:00+08:00,22
花蓮縣,最低溫度,2026-04-30T18:00:00+08:00,2026-05-01T06:00:00+08:00,21
花蓮縣,最低溫度,2026-05-01T06:00:00+08:00,2026-05-01T18:00:00+08:00,21
花蓮縣,最低溫度,2026-05-01T18:00:00+08:00,2026-05-02T06:00:00+08:00,20
花蓮縣,最低溫度,2026-05-02T06:00:00+08:00,2026-05-02T18:00:00+08:00,20
花蓮縣,最低溫度,2026-05-02T18:00:00+08:00,2026-05-03T06:00:00+08:00,22
花蓮縣,最低溫度,2026-05-03T06:00:00+08:00,2026-05-03T18:00:00+08:00,22
花蓮縣,最低溫度,2026-05-03T18:00:00+08:00,2026-05-04T06:00:00+08:00,23
花蓮縣,12小時降雨機率,2026-04-27T12:00:00+08:00,2026-04-27T18:00:00+08:00,10
花蓮縣,12小時降雨機率,2026-04-27T18:00:00+08:00,2026-04-28T06:00:00+08:00,20
花蓮縣,12小時降雨機率,2026-04-28T06:00:00+08:00,2026-04-28T18:00:00+08:00,20
花蓮縣,12小時降雨機率,2026-04-28T18:00:00+08:00,2026-04-29T06:00:00+08:00,30
花蓮縣,12小時降雨機率,2026-04-29T06:00:00+08:00,2026-04-29T18:00:00+08:00,20
花蓮縣,12小時降雨機率,2026-04-29T18:00:00+08:00,2026-04-30T06:00:00+08:00,50
花蓮縣,12小時降雨機率,2026-04-30T06:00:00+08:00,2026-04-30T18:00:00+08:00,-
花蓮縣,12小時降雨機率,2026-04-30T18:00:00+08:00,2026-05-01T06:00:00+08:00,-
花蓮縣,12小時降雨機率,2026-05-01T06:00:00+08:00,2026-05-01T18:00:00+08:00,-
花蓮縣,12小時降雨機率,2026-05-01T18:00:00+08:00,2026-05-02T06:00:00+08:00,-
花蓮縣,12小時降雨機率,2026-05-02T06:00:00+08:00,2026-05-02T18:00:00+08:00,-
花蓮縣,12小時降雨機率,2026-05-02T18:00:00+08:00,2026-05-03T06:00:00+08:00,-
花蓮縣,12小時降雨機率,2026-05-03T06:00:00+08:00,2026-05-03T18:00:00+08:00,-
花蓮縣,12小時降雨機率,2026-05-03T18:00:00+08:00,2026-05-04T06:00:00+08:00,-
花蓮縣,天氣現象,2026-04-27T12:00:00+08:00,2026-04-27T18:00:00+08:00,晴時多雲
花蓮縣,天氣現象,2026-04-27T18:00:00+08:00,2026-04-28T06:00:00+08:00,多雲時晴
花蓮縣,天氣現象,2026-04-28T06:00:00+08:00,2026-04-28T18:00:00+08:00,陰時多雲
花蓮縣,天氣現象,2026-04-28T18:00:00+08:00,2026-04-29T06:00:00+08:00,多雲短暫陣雨
花蓮縣,天氣現象,2026-04-29T06:00:00+08:00,2026-04-29T18:00:00+08:00,晴時多雲
花蓮縣,天氣現象,2026-04-29T18:00:00+08:00,2026-04-30T06:00:00+08:00,陰時多雲短暫陣雨或雷雨
花蓮縣,天氣現象,2026-04-30T06:00:00+08:00,2026-04-30T18:00:00+08:00,陰短暫陣雨
花蓮縣,天氣現象,2026-04-30T18:00:00+08:00,2026-05-01T06:00:00+08:00,陰短暫陣雨
花蓮縣,天氣現象,2026-05-01T06:00:00+08:00,2026-05-01T18:00:00+08:00,陰天
花蓮縣,天氣現象,2026-05-01T18:00:00+08:00,2026-05-02T06:00:00+08:00,陰時多雲
花蓮縣,天氣現象,2026-05-02T06:00:00+08:00,2026-05-02T18:00:00+08:00,多雲午後短暫雷陣雨
花蓮縣,天氣現象,2026-05-02T18:00:00+08:00,2026-05-03T06:00:00+08:00,晴時多雲
花蓮縣,天氣現象,2026-05-03T06:00:00+08:00,2026-05-03T18:00:00+08:00,多雲午後短暫雷陣雨
花蓮縣,天氣現象,2026-05-03T18:00:00+08:00,2026-05-04T06:00:00+08:00,多雲
澎湖縣,最高溫度,2026-04-27T12:00:00+08:00,2026-04-27T18:00:00+08:00,28
澎湖縣,最高溫度,2026-04-27T18:00:00+08:00,2026-04-28T06:00:00+08:00,25
澎湖縣,最高溫度,2026-04-28T06:00:00+08:00,2026-04-28T18:00:00+08:00,29
澎湖縣,最高溫度,2026-04-28T18:00:00+08:00,2026-04-29T06:00:00+08:00,25
澎湖縣,最高溫度,2026-04-29T06:00:00+08:00,2026-04-29T18:00:00+08:00,29
澎湖縣,最高溫度,2026-04-29T18:00:00+08:00,2026-04-30T06:00:00+08:00,24
澎湖縣,最高溫度,2026-04-30T06:00:00+08:00,2026-04-30T18:00:00+08:00,25
澎湖縣,最高溫度,2026-04-30T18:00:00+08:00,2026-05-01T06:00:00+08:00,23
澎湖縣,最高溫度,2026-05-01T06:00:00+08:00,2026-05-01T18:00:00+08:00,26
澎湖縣,最高溫度,2026-05-01T18:00:00+08:00,2026-05-02T06:00:00+08:00,24
澎湖縣,最高溫度,2026-05-02T06:00:00+08:00,2026-05-02T18:00:00+08:00,26
澎湖縣,最高溫度,2026-05-02T18:00:00+08:00,2026-05-03T06:00:00+08:00,25
澎湖縣,最高溫度,2026-05-03T06:00:00+08:00,2026-05-03T18:00:00+08:00,29
澎湖縣,最高溫度,2026-05-03T18:00:00+08:00,2026-05-04T06:00:00+08:00,26
澎湖縣,最低溫度,2026-04-27T12:00:00+08:00,2026-04-27T18:00:00+08:00,25
澎湖縣,最低溫度,2026-04-27T18:00:00+08:00,2026-04-28T06:00:00+08:00,23
澎湖縣,最低溫度,2026-04-28T06:00:00+08:00,2026-04-28T18:00:00+08:00,23
澎湖縣,最低溫度,2026-04-28T18:00:00+08:00,2026-04-29T06:00:00+08:00,24
澎湖縣,最低溫度,2026-04-29T06:00:00+08:00,2026-04-29T18:00:00+08:00,24
澎湖縣,最低溫度,2026-04-29T18:00:00+08:00,2026-04-30T06:00:00+08:00,22
澎湖縣,最低溫度,2026-04-30T06:00:00+08:00,2026-04-30T18:00:00+08:00,22
澎湖縣,最低溫度,2026-04-30T18:00:00+08:00,2026-05-01T06:00:00+08:00,22
澎湖縣,最低溫度,2026-05-01T06:00:00+08:00,2026-05-01T18:00:00+08:00,22
澎湖縣,最低溫度,2026-05-01T18:00:00+08:00,2026-05-02T06:00:00+08:00,22
澎湖縣,最低溫度,2026-05-02T06:00:00+08:00,2026-05-02T18:00:00+08:00,23
澎湖縣,最低溫度,2026-05-02T18:00:00+08:00,2026-05-03T06:00:00+08:00,23
澎湖縣,最低溫度,2026-05-03T06:00:00+08:00,2026-05-03T18:00:00+08:00,23
澎湖縣,最低溫度,2026-05-03T18:00:00+08:00,2026-05-04T06:00:00+08:00,24
澎湖縣,12小時降雨機率,2026-04-27T12:00:00+08:00,2026-04-27T18:00:00+08:00,0
澎湖縣,12小時降雨機率,2026-04-27T18:00:00+08:00,2026-04-28T06:00:00+08:00,0
澎湖縣,12小時降雨機率,2026-04-28T06:00:00+08:00,2026-04-28T18:00:00+08:00,10
澎湖縣,12小時降雨機率,2026-04-28T18:00:00+08:00,2026-04-29T06:00:00+08:00,30
澎湖縣,12小時降雨機率,2026-04-29T06:00:00+08:00,2026-04-29T18:00:00+08:00,30
澎湖縣,12小時降雨機率,2026-04-29T18:00:00+08:00,2026-04-30T06:00:00+08:00,30
澎湖縣,12小時降雨機率,2026-04-30T06:00:00+08:00,2026-04-30T18:00:00+08:00,-
澎湖縣,12小時降雨機率,2026-04-30T18:00:00+08:00,2026-05-01T06:00:00+08:00,-
澎湖縣,12小時降雨機率,2026-05-01T06:00:00+08:00,2026-05-01T18:00:00+08:00,-
澎湖縣,12小時降雨機率,2026-05-01T18:00:00+08:00,2026-05-02T06:00:00+08:00,-
澎湖縣,12小時降雨機率,2026-05-02T06:00:00+08:00,2026-05-02T18:00:00+08:00,-
澎湖縣,12小時降雨機率,2026-05-02T18:00:00+08:00,2026-05-03T06:00:00+08:00,-
澎湖縣,12小時降雨機率,2026-05-03T06:00:00+08:00,2026-05-03T18:00:00+08:00,-
澎湖縣,12小時降雨機率,2026-05-03T18:00:00+08:00,2026-05-04T06:00:00+08:00,-
澎湖縣,天氣現象,2026-04-27T12:00:00+08:00,2026-04-27T18:00:00+08:00,晴時多雲
澎湖縣,天氣現象,2026-04-27T18:00:00+08:00,2026-04-28T06:00:00+08:00,晴時多雲
澎湖縣,天氣現象,2026-04-28T06:00:00+08:00,2026-04-28T18:00:00+08:00,晴時多雲
澎湖縣,天氣現象,2026-04-28T18:00:00+08:00,2026-04-29T06:00:00+08:00,陰時多雲短暫陣雨或雷雨
澎湖縣,天氣現象,2026-04-29T06:00:00+08:00,2026-04-29T18:00:00+08:00,多雲時陰短暫陣雨
澎湖縣,天氣現象,2026-04-29T18:00:00+08:00,2026-04-30T06:00:00+08:00,陰時多雲短暫陣雨或雷雨
澎湖縣,天氣現象,2026-04-30T06:00:00+08:00,2026-04-30T18:00:00+08:00,陰時多雲短暫陣雨
澎湖縣,天氣現象,2026-04-30T18:00:00+08:00,2026-05-01T06:00:00+08:00,多雲
澎湖縣,天氣現象,2026-05-01T06:00:00+08:00,2026-05-01T18:00:00+08:00,多雲時晴
澎湖縣,天氣現象,2026-05-01T18:00:00+08:00,2026-05-02T06:00:00+08:00,晴時多雲
澎湖縣,天氣現象,2026-05-02T06:00:00+08:00,2026-05-02T18:00:00+08:00,多雲時晴
澎湖縣,天氣現象,2026-05-02T18:00:00+08:00,2026-05-03T06:00:00+08:00,多雲短暫陣雨
澎湖縣,天氣現象,2026-05-03T06:00:00+08:00,2026-05-03T18:00:00+08:00,多雲短暫陣雨
澎湖縣,天氣現象,2026-05-03T18:00:00+08:00,2026-05-04T06:00:00+08:00,多雲短暫陣雨
基隆市,最高溫度,2026-04-27T12:00:00+08:00,2026-04-27T18:00:00+08:00,30
基隆市,最高溫度,2026-04-27T18:00:00+08:00,2026-04-28T06:00:00+08:00,27
基隆市,最高溫度,2026-04-28T06:00:00+08:00,2026-04-28T18:00:00+08:00,30
基隆市,最高溫度,2026-04-28T18:00:00+08:00,2026-04-29T06:00:00+08:00,28
基隆市,最高溫度,2026-04-29T06:00:00+08:00,2026-04-29T18:00:00+08:00,28
基隆市,最高溫度,2026-04-29T18:00:00+08:00,2026-04-30T06:00:00+08:00,25
基隆市,最高溫度,2026-04-30T06:00:00+08:00,2026-04-30T18:00:00+08:00,22
基隆市,最高溫度,2026-04-30T18:00:00+08:00,2026-05-01T06:00:00+08:00,21
基隆市,最高溫度,2026-05-01T06:00:00+08:00,2026-05-01T18:00:00+08:00,24
基隆市,最高溫度,2026-05-01T18:00:00+08:00,2026-05-02T06:00:00+08:00,22
基隆市,最高溫度,2026-05-02T06:00:00+08:00,2026-05-02T18:00:00+08:00,28
基隆市,最高溫度,2026-05-02T18:00:00+08:00,2026-05-03T06:00:00+08:00,25
基隆市,最高溫度,2026-05-03T06:00:00+08:00,2026-05-03T18:00:00+08:00,28
基隆市,最高溫度,2026-05-03T18:00:00+08:00,2026-05-04T06:00:00+08:00,26
基隆市,最低溫度,2026-04-27T12:00:00+08:00,2026-04-27T18:00:00+08:00,27
基隆市,最低溫度,2026-04-27T18:00:00+08:00,2026-04-28T06:00:00+08:00,21
基隆市,最低溫度,2026-04-28T06:00:00+08:00,2026-04-28T18:00:00+08:00,21
基隆市,最低溫度,2026-04-28T18:00:00+08:00,2026-04-29T06:00:00+08:00,23
基隆市,最低溫度,2026-04-29T06:00:00+08:00,2026-04-29T18:00:00+08:00,23
基隆市,最低溫度,2026-04-29T18:00:00+08:00,2026-04-30T06:00:00+08:00,20
基隆市,最低溫度,2026-04-30T06:00:00+08:00,2026-04-30T18:00:00+08:00,20
基隆市,最低溫度,2026-04-30T18:00:00+08:00,2026-05-01T06:00:00+08:00,19
基隆市,最低溫度,2026-05-01T06:00:00+08:00,2026-05-01T18:00:00+08:00,19
基隆市,最低溫度,2026-05-01T18:00:00+08:00,2026-05-02T06:00:00+08:00,21
基隆市,最低溫度,2026-05-02T06:00:00+08:00,2026-05-02T18:00:00+08:00,21
基隆市,最低溫度,2026-05-02T18:00:00+08:00,2026-05-03T06:00:00+08:00,22
基隆市,最低溫度,2026-05-03T06:00:00+08:00,2026-05-03T18:00:00+08:00,22
基隆市,最低溫度,2026-05-03T18:00:00+08:00,2026-05-04T06:00:00+08:00,23
基隆市,12小時降雨機率,2026-04-27T12:00:00+08:00,2026-04-27T18:00:00+08:00,0
基隆市,12小時降雨機率,2026-04-27T18:00:00+08:00,2026-04-28T06:00:00+08:00,0
基隆市,12小時降雨機率,2026-04-28T06:00:00+08:00,2026-04-28T18:00:00+08:00,20
基隆市,12小時降雨機率,2026-04-28T18:00:00+08:00,2026-04-29T06:00:00+08:00,20
基隆市,12小時降雨機率,2026-04-29T06:00:00+08:00,2026-04-29T18:00:00+08:00,70
基隆市,12小時降雨機率,2026-04-29T18:00:00+08:00,2026-04-30T06:00:00+08:00,70
基隆市,12小時降雨機率,2026-04-30T06:00:00+08:00,2026-04-30T18:00:00+08:00,-
基隆市,12小時降雨機率,2026-04-30T18:00:00+08:00,2026-05-01T06:00:00+08:00,-
基隆市,12小時降雨機率,2026-05-01T06:00:00+08:00,2026-05-01T18:00:00+08:00,-
基隆市,12小時降雨機率,2026-05-01T18:00:00+08:00,2026-05-02T06:00:00+08:00,-
基隆市,12小時降雨機率,2026-05-02T06:00:00+08:00,2026-05-02T18:00:00+08:00,-
基隆市,12小時降雨機率,2026-05-02T18:00:00+08:00,2026-05-03T06:00:00+08:00,-
基隆市,12小時降雨機率,2026-05-03T06:00:00+08:00,2026-05-03T18:00:00+08:00,-
基隆市,12小時降雨機率,2026-05-03T18:00:00+08:00,2026-05-04T06:00:00+08:00,-
基隆市,天氣現象,2026-04-27T12:00:00+08:00,2026-04-27T18:00:00+08:00,晴時多雲
基隆市,天氣現象,2026-04-27T18:00:00+08:00,2026-04-28T06:00:00+08:00,晴時多雲
基隆市,天氣現象,2026-04-28T06:00:00+08:00,2026-04-28T18:00:00+08:00,晴時多雲
基隆市,天氣現象,2026-04-28T18:00:00+08:00,2026-04-29T06:00:00+08:00,晴時多雲
基隆市,天氣現象,2026-04-29T06:00:00+08:00,2026-04-29T18:00:00+08:00,多雲時陰短暫陣雨或雷雨
基隆市,天氣現象,2026-04-29T18:00:00+08:00,2026-04-30T06:00:00+08:00,陰短暫陣雨或雷雨
基隆市,天氣現象,2026-04-30T06:00:00+08:00,2026-04-30T18:00:00+08:00,陰短暫陣雨或雷雨
基隆市,天氣現象,2026-04-30T18:00:00+08:00,2026-05-01T06:00:00+08:00,陰短暫陣雨或雷雨
基隆市,天氣現象,2026-05-01T06:00:00+08:00,2026-05-01T18:00:00+08:00,陰天
基隆市,天氣現象,2026-05-01T18:00:00+08:00,2026-05-02T06:00:00+08:00,多雲時晴
基隆市,天氣現象,2026-05-02T06:00:00+08:00,2026-05-02T18:00:00+08:00,多雲
基隆市,天氣現象,2026-05-02T18:00:00+08:00,2026-05-03T06:00:00+08:00,晴時多雲
基隆市,天氣現象,2026-05-03T06:00:00+08:00,2026-05-03T18:00:00+08:00,多雲時晴
基隆市,天氣現象,2026-05-03T18:00:00+08:00,2026-05-04T06:00:00+08:00,多雲
新竹市,最高溫度,2026-04-27T12:00:00+08:00,2026-04-27T18:00:00+08:00,28
新竹市,最高溫度,2026-04-27T18:00:00+08:00,2026-04-28T06:00:00+08:00,26
新竹市,最高溫度,2026-04-28T06:00:00+08:00,2026-04-28T18:00:00+08:00,29
新竹市,最高溫度,2026-04-28T18:00:00+08:00,2026-04-29T06:00:00+08:00,27
新竹市,最高溫度,2026-04-29T06:00:00+08:00,2026-04-29T18:00:00+08:00,27
新竹市,最高溫度,2026-04-29T18:00:00+08:00,2026-04-30T06:00:00+08:00,25
新竹市,最高溫度,2026-04-30T06:00:00+08:00,2026-04-30T18:00:00+08:00,22
新竹市,最高溫度,2026-04-30T18:00:00+08:00,2026-05-01T06:00:00+08:00,21
新竹市,最高溫度,2026-05-01T06:00:00+08:00,2026-05-01T18:00:00+08:00,26
新竹市,最高溫度,2026-05-01T18:00:00+08:00,2026-05-02T06:00:00+08:00,24
新竹市,最高溫度,2026-05-02T06:00:00+08:00,2026-05-02T18:00:00+08:00,27
新竹市,最高溫度,2026-05-02T18:00:00+08:00,2026-05-03T06:00:00+08:00,25
新竹市,最高溫度,2026-05-03T06:00:00+08:00,2026-05-03T18:00:00+08:00,28
新竹市,最高溫度,2026-05-03T18:00:00+08:00,2026-05-04T06:00:00+08:00,27
新竹市,最低溫度,2026-04-27T12:00:00+08:00,2026-04-27T18:00:00+08:00,26
新竹市,最低溫度,2026-04-27T18:00:00+08:00,2026-04-28T06:00:00+08:00,20
新竹市,最低溫度,2026-04-28T06:00:00+08:00,2026-04-28T18:00:00+08:00,20
新竹市,最低溫度,2026-04-28T18:00:00+08:00,2026-04-29T06:00:00+08:00,23
新竹市,最低溫度,2026-04-29T06:00:00+08:00,2026-04-29T18:00:00+08:00,23
新竹市,最低溫度,2026-04-29T18:00:00+08:00,2026-04-30T06:00:00+08:00,20
新竹市,最低溫度,2026-04-30T06:00:00+08:00,2026-04-30T18:00:00+08:00,20
新竹市,最低溫度,2026-04-30T18:00:00+08:00,2026-05-01T06:00:00+08:00,20
新竹市,最低溫度,2026-05-01T06:00:00+08:00,2026-05-01T18:00:00+08:00,20
新竹市,最低溫度,2026-05-01T18:00:00+08:00,2026-05-02T06:00:00+08:00,21
新竹市,最低溫度,2026-05-02T06:00:00+08:00,2026-05-02T18:00:00+08:00,21
新竹市,最低溫度,2026-05-02T18:00:00+08:00,2026-05-03T06:00:00+08:00,22
新竹市,最低溫度,2026-05-03T06:00:00+08:00,2026-05-03T18:00:00+08:00,22
新竹市,最低溫度,2026-05-03T18:00:00+08:00,2026-05-04T06:00:00+08:00,23
新竹市,12小時降雨機率,2026-04-27T12:00:00+08:00,2026-04-27T18:00:00+08:00,0
新竹市,12小時降雨機率,2026-04-27T18:00:00+08:00,2026-04-28T06:00:00+08:00,0
新竹市,12小時降雨機率,2026-04-28T06:00:00+08:00,2026-04-28T18:00:00+08:00,0
新竹市,12小時降雨機率,2026-04-28T18:00:00+08:00,2026-04-29T06:00:00+08:00,20
新竹市,12小時降雨機率,2026-04-29T06:00:00+08:00,2026-04-29T18:00:00+08:00,30
新竹市,12小時降雨機率,2026-04-29T18:00:00+08:00,2026-04-30T06:00:00+08:00,50
新竹市,12小時降雨機率,2026-04-30T06:00:00+08:00,2026-04-30T18:00:00+08:00,-
新竹市,12小時降雨機率,2026-04-30T18:00:00+08:00,2026-05-01T06:00:00+08:00,-
新竹市,12小時降雨機率,2026-05-01T06:00:00+08:00,2026-05-01T18:00:00+08:00,-
新竹市,12小時降雨機率,2026-05-01T18:00:00+08:00,2026-05-02T06:00:00+08:00,-
新竹市,12小時降雨機率,2026-05-02T06:00:00+08:00,2026-05-02T18:00:00+08:00,-
新竹市,12小時降雨機率,2026-05-02T18:00:00+08:00,2026-05-03T06:00:00+08:00,-
新竹市,12小時降雨機率,2026-05-03T06:00:00+08:00,2026-05-03T18:00:00+08:00,-
新竹市,12小時降雨機率,2026-05-03T18:00:00+08:00,2026-05-04T06:00:00+08:00,-
新竹市,天氣現象,2026-04-27T12:00:00+08:00,2026-04-27T18:00:00+08:00,晴時多雲
新竹市,天氣現象,2026-04-27T18:00:00+08:00,2026-04-28T06:00:00+08:00,多雲時晴
新竹市,天氣現象,2026-04-28T06:00:00+08:00,2026-04-28T18:00:00+08:00,晴時多雲
新竹市,天氣現象,2026-04-28T18:00:00+08:00,2026-04-29T06:00:00+08:00,晴時多雲
新竹市,天氣現象,2026-04-29T06:00:00+08:00,2026-04-29T18:00:00+08:00,多雲短暫陣雨或雷雨
新竹市,天氣現象,2026-04-29T18:00:00+08:00,2026-04-30T06:00:00+08:00,陰短暫陣雨或雷雨
新竹市,天氣現象,2026-04-30T06:00:00+08:00,2026-04-30T18:00:00+08:00,陰短暫陣雨或雷雨
新竹市,天氣現象,2026-04-30T18:00:00+08:00,2026-05-01T06:00:00+08:00,陰時多雲短暫陣雨或雷雨
新竹市,天氣現象,2026-05-01T06:00:00+08:00,2026-05-01T18:00:00+08:00,多雲
新竹市,天氣現象,2026-05-01T18:00:00+08:00,2026-05-02T06:00:00+08:00,晴時多雲
新竹市,天氣現象,2026-05-02T06:00:00+08:00,2026-05-02T18:00:00+08:00,多雲
新竹市,天氣現象,2026-05-02T18:00:00+08:00,2026-05-03T06:00:00+08:00,晴時多雲
新竹市,天氣現象,2026-05-03T06:00:00+08:00,2026-05-03T18:00:00+08:00,多雲時晴
新竹市,天氣現象,2026-05-03T18:00:00+08:00,2026-05-04T06:00:00+08:00,多雲
嘉義市,最高溫度,2026-04-27T12:00:00+08:00,2026-04-27T18:00:00+08:00,31
嘉義市,最高溫度,2026-04-27T18:00:00+08:00,2026-04-28T06:00:00+08:00,27
嘉義市,最高溫度,2026-04-28T06:00:00+08:00,2026-04-28T18:00:00+08:00,33
嘉義市,最高溫度,2026-04-28T18:00:00+08:00,2026-04-29T06:00:00+08:00,29
嘉義市,最高溫度,2026-04-29T06:00:00+08:00,2026-04-29T18:00:00+08:00,31
嘉義市,最高溫度,2026-04-29T18:00:00+08:00,2026-04-30T06:00:00+08:00,27
嘉義市,最高溫度,2026-04-30T06:00:00+08:00,2026-04-30T18:00:00+08:00,26
嘉義市,最高溫度,2026-04-30T18:00:00+08:00,2026-05-01T06:00:00+08:00,24
嘉義市,最高溫度,2026-05-01T06:00:00+08:00,2026-05-01T18:00:00+08:00,30
嘉義市,最高溫度,2026-05-01T18:00:00+08:00,2026-05-02T06:00:00+08:00,27
嘉義市,最高溫度,2026-05-02T06:00:00+08:00,2026-05-02T18:00:00+08:00,31
嘉義市,最高溫度,2026-05-02T18:00:00+08:00,2026-05-03T06:00:00+08:00,28
嘉義市,最高溫度,2026-05-03T06:00:00+08:00,2026-05-03T18:00:00+08:00,32
嘉義市,最高溫度,2026-05-03T18:00:00+08:00,2026-05-04T06:00:00+08:00,28
嘉義市,最低溫度,2026-04-27T12:00:00+08:00,2026-04-27T18:00:00+08:00,27
嘉義市,最低溫度,2026-04-27T18:00:00+08:00,2026-04-28T06:00:00+08:00,21
嘉義市,最低溫度,2026-04-28T06:00:00+08:00,2026-04-28T18:00:00+08:00,21
嘉義市,最低溫度,2026-04-28T18:00:00+08:00,2026-04-29T06:00:00+08:00,22
嘉義市,最低溫度,2026-04-29T06:00:00+08:00,2026-04-29T18:00:00+08:00,22
嘉義市,最低溫度,2026-04-29T18:00:00+08:00,2026-04-30T06:00:00+08:00,20
嘉義市,最低溫度,2026-04-30T06:00:00+08:00,2026-04-30T18:00:00+08:00,20
嘉義市,最低溫度,2026-04-30T18:00:00+08:00,2026-05-01T06:00:00+08:00,20
嘉義市,最低溫度,2026-05-01T06:00:00+08:00,2026-05-01T18:00:00+08:00,20
嘉義市,最低溫度,2026-05-01T18:00:00+08:00,2026-05-02T06:00:00+08:00,21
嘉義市,最低溫度,2026-05-02T06:00:00+08:00,2026-05-02T18:00:00+08:00,21
嘉義市,最低溫度,2026-05-02T18:00:00+08:00,2026-05-03T06:00:00+08:00,22
嘉義市,最低溫度,2026-05-03T06:00:00+08:00,2026-05-03T18:00:00+08:00,22
嘉義市,最低溫度,2026-05-03T18:00:00+08:00,2026-05-04T06:00:00+08:00,22
嘉義市,12小時降雨機率,2026-04-27T12:00:00+08:00,2026-04-27T18:00:00+08:00,0
嘉義市,12小時降雨機率,2026-04-27T18:00:00+08:00,2026-04-28T06:00:00+08:00,0
嘉義市,12小時降雨機率,2026-04-28T06:00:00+08:00,2026-04-28T18:00:00+08:00,10
嘉義市,12小時降雨機率,2026-04-28T18:00:00+08:00,2026-04-29T06:00:00+08:00,20
嘉義市,12小時降雨機率,2026-04-29T06:00:00+08:00,2026-04-29T18:00:00+08:00,30
嘉義市,12小時降雨機率,2026-04-29T18:00:00+08:00,2026-04-30T06:00:00+08:00,30
嘉義市,12小時降雨機率,2026-04-30T06:00:00+08:00,2026-04-30T18:00:00+08:00,-
嘉義市,12小時降雨機率,2026-04-30T18:00:00+08:00,2026-05-01T06:00:00+08:00,-
嘉義市,12小時降雨機率,2026-05-01T06:00:00+08:00,2026-05-01T18:00:00+08:00,-
嘉義市,12小時降雨機率,2026-05-01T18:00:00+08:00,2026-05-02T06:00:00+08:00,-
嘉義市,12小時降雨機率,2026-05-02T06:00:00+08:00,2026-05-02T18:00:00+08:00,-
嘉義市,12小時降雨機率,2026-05-02T18:00:00+08:00,2026-05-03T06:00:00+08:00,-
嘉義市,12小時降雨機率,2026-05-03T06:00:00+08:00,2026-05-03T18:00:00+08:00,-
嘉義市,12小時降雨機率,2026-05-03T18:00:00+08:00,2026-05-04T06:00:00+08:00,-
嘉義市,天氣現象,2026-04-27T12:00:00+08:00,2026-04-27T18:00:00+08:00,晴時多雲
嘉義市,天氣現象,2026-04-27T18:00:00+08:00,2026-04-28T06:00:00+08:00,晴時多雲
嘉義市,天氣現象,2026-04-28T06:00:00+08:00,2026-04-28T18:00:00+08:00,晴時多雲
嘉義市,天氣現象,2026-04-28T18:00:00+08:00,2026-04-29T06:00:00+08:00,晴時多雲
嘉義市,天氣現象,2026-04-29T06:00:00+08:00,2026-04-29T18:00:00+08:00,多雲短暫陣雨或雷雨
嘉義市,天氣現象,2026-04-29T18:00:00+08:00,2026-04-30T06:00:00+08:00,多雲短暫陣雨或雷雨
嘉義市,天氣現象,2026-04-30T06:00:00+08:00,2026-04-30T18:00:00+08:00,多雲短暫陣雨或雷雨
嘉義市,天氣現象,2026-04-30T18:00:00+08:00,2026-05-01T06:00:00+08:00,多雲短暫陣雨或雷雨
嘉義市,天氣現象,2026-05-01T06:00:00+08:00,2026-05-01T18:00:00+08:00,晴時多雲
嘉義市,天氣現象,2026-05-01T18:00:00+08:00,2026-05-02T06:00:00+08:00,晴時多雲
嘉義市,天氣現象,2026-05-02T06:00:00+08:00,2026-05-02T18:00:00+08:00,多雲
嘉義市,天氣現象,2026-05-02T18:00:00+08:00,2026-05-03T06:00:00+08:00,多雲時晴
嘉義市,天氣現象,2026-05-03T06:00:00+08:00,2026-05-03T18:00:00+08:00,晴午後短暫雷陣雨
嘉義市,天氣現象,2026-05-03T18:00:00+08:00,2026-05-04T06:00:00+08:00,多雲短暫陣雨
臺北市,最高溫度,2026-04-27T12:00:00+08:00,2026-04-27T18:00:00+08:00,32
臺北市,最高溫度,2026-04-27T18:00:00+08:00,2026-04-28T06:00:00+08:00,28
臺北市,最高溫度,2026-04-28T06:00:00+08:00,2026-04-28T18:00:00+08:00,33
臺北市,最高溫度,2026-04-28T18:00:00+08:00,2026-04-29T06:00:00+08:00,29
臺北市,最高溫度,2026-04-29T06:00:00+08:00,2026-04-29T18:00:00+08:00,29
臺北市,最高溫度,2026-04-29T18:00:00+08:00,2026-04-30T06:00:00+08:00,26
臺北市,最高溫度,2026-04-30T06:00:00+08:00,2026-04-30T18:00:00+08:00,22
臺北市,最高溫度,2026-04-30T18:00:00+08:00,2026-05-01T06:00:00+08:00,21
臺北市,最高溫度,2026-05-01T06:00:00+08:00,2026-05-01T18:00:00+08:00,27
臺北市,最高溫度,2026-05-01T18:00:00+08:00,2026-05-02T06:00:00+08:00,24
臺北市,最高溫度,2026-05-02T06:00:00+08:00,2026-05-02T18:00:00+08:00,30
臺北市,最高溫度,2026-05-02T18:00:00+08:00,2026-05-03T06:00:00+08:00,26
臺北市,最高溫度,2026-05-03T06:00:00+08:00,2026-05-03T18:00:00+08:00,31
臺北市,最高溫度,2026-05-03T18:00:00+08:00,2026-05-04T06:00:00+08:00,28
臺北市,最低溫度,2026-04-27T12:00:00+08:00,2026-04-27T18:00:00+08:00,28
臺北市,最低溫度,2026-04-27T18:00:00+08:00,2026-04-28T06:00:00+08:00,21
臺北市,最低溫度,2026-04-28T06:00:00+08:00,2026-04-28T18:00:00+08:00,21
臺北市,最低溫度,2026-04-28T18:00:00+08:00,2026-04-29T06:00:00+08:00,23
臺北市,最低溫度,2026-04-29T06:00:00+08:00,2026-04-29T18:00:00+08:00,23
臺北市,最低溫度,2026-04-29T18:00:00+08:00,2026-04-30T06:00:00+08:00,20
臺北市,最低溫度,2026-04-30T06:00:00+08:00,2026-04-30T18:00:00+08:00,20
臺北市,最低溫度,2026-04-30T18:00:00+08:00,2026-05-01T06:00:00+08:00,20
臺北市,最低溫度,2026-05-01T06:00:00+08:00,2026-05-01T18:00:00+08:00,20
臺北市,最低溫度,2026-05-01T18:00:00+08:00,2026-05-02T06:00:00+08:00,21
臺北市,最低溫度,2026-05-02T06:00:00+08:00,2026-05-02T18:00:00+08:00,21
臺北市,最低溫度,2026-05-02T18:00:00+08:00,2026-05-03T06:00:00+08:00,22
臺北市,最低溫度,2026-05-03T06:00:00+08:00,2026-05-03T18:00:00+08:00,22
臺北市,最低溫度,2026-05-03T18:00:00+08:00,2026-05-04T06:00:00+08:00,23
臺北市,12小時降雨機率,2026-04-27T12:00:00+08:00,2026-04-27T18:00:00+08:00,0
臺北市,12小時降雨機率,2026-04-27T18:00:00+08:00,2026-04-28T06:00:00+08:00,0
臺北市,12小時降雨機率,2026-04-28T06:00:00+08:00,2026-04-28T18:00:00+08:00,10
臺北市,12小時降雨機率,2026-04-28T18:00:00+08:00,2026-04-29T06:00:00+08:00,20
臺北市,12小時降雨機率,2026-04-29T06:00:00+08:00,2026-04-29T18:00:00+08:00,30
臺北市,12小時降雨機率,2026-04-29T18:00:00+08:00,2026-04-30T06:00:00+08:00,30
臺北市,12小時降雨機率,2026-04-30T06:00:00+08:00,2026-04-30T18:00:00+08:00,-
臺北市,12小時降雨機率,2026-04-30T18:00:00+08:00,2026-05-01T06:00:00+08:00,-
臺北市,12小時降雨機率,2026-05-01T06:00:00+08:00,2026-05-01T18:00:00+08:00,-
臺北市,12小時降雨機率,2026-05-01T18:00:00+08:00,2026-05-02T06:00:00+08:00,-
臺北市,12小時降雨機率,2026-05-02T06:00:00+08:00,2026-05-02T18:00:00+08:00,-
臺北市,12小時降雨機率,2026-05-02T18:00:00+08:00,2026-05-03T06:00:00+08:00,-
臺北市,12小時降雨機率,2026-05-03T06:00:00+08:00,2026-05-03T18:00:00+08:00,-
臺北市,12小時降雨機率,2026-05-03T18:00:00+08:00,2026-05-04T06:00:00+08:00,-
臺北市,天氣現象,2026-04-27T12:00:00+08:00,2026-04-27T18:00:00+08:00,晴時多雲
臺北市,天氣現象,2026-04-27T18:00:00+08:00,2026-04-28T06:00:00+08:00,晴時多雲
臺北市,天氣現象,2026-04-28T06:00:00+08:00,2026-04-28T18:00:00+08:00,晴時多雲
臺北市,天氣現象,2026-04-28T18:00:00+08:00,2026-04-29T06:00:00+08:00,多雲時晴
臺北市,天氣現象,2026-04-29T06:00:00+08:00,2026-04-29T18:00:00+08:00,多雲時陰短暫陣雨或雷雨
臺北市,天氣現象,2026-04-29T18:00:00+08:00,2026-04-30T06:00:00+08:00,陰短暫陣雨或雷雨
臺北市,天氣現象,2026-04-30T06:00:00+08:00,2026-04-30T18:00:00+08:00,陰短暫陣雨或雷雨
臺北市,天氣現象,2026-04-30T18:00:00+08:00,2026-05-01T06:00:00+08:00,陰短暫陣雨或雷雨
臺北市,天氣現象,2026-05-01T06:00:00+08:00,2026-05-01T18:00:00+08:00,陰天
臺北市,天氣現象,2026-05-01T18:00:00+08:00,2026-05-02T06:00:00+08:00,多雲時晴
臺北市,天氣現象,2026-05-02T06:00:00+08:00,2026-05-02T18:00:00+08:00,多雲
臺北市,天氣現象,2026-05-02T18:00:00+08:00,2026-05-03T06:00:00+08:00,晴時多雲
臺北市,天氣現象,2026-05-03T06:00:00+08:00,2026-05-03T18:00:00+08:00,多雲午後短暫雷陣雨
臺北市,天氣現象,2026-05-03T18:00:00+08:00,2026-05-04T06:00:00+08:00,陰時多雲
高雄市,最高溫度,2026-04-27T12:00:00+08:00,2026-04-27T18:00:00+08:00,31
高雄市,最高溫度,2026-04-27T18:00:00+08:00,2026-04-28T06:00:00+08:00,29
高雄市,最高溫度,2026-04-28T06:00:00+08:00,2026-04-28T18:00:00+08:00,32
高雄市,最高溫度,2026-04-28T18:00:00+08:00,2026-04-29T06:00:00+08:00,30
高雄市,最高溫度,2026-04-29T06:00:00+08:00,2026-04-29T18:00:00+08:00,31
高雄市,最高溫度,2026-04-29T18:00:00+08:00,2026-04-30T06:00:00+08:00,29
高雄市,最高溫度,2026-04-30T06:00:00+08:00,2026-04-30T18:00:00+08:00,29
高雄市,最高溫度,2026-04-30T18:00:00+08:00,2026-05-01T06:00:00+08:00,27
高雄市,最高溫度,2026-05-01T06:00:00+08:00,2026-05-01T18:00:00+08:00,28
高雄市,最高溫度,2026-05-01T18:00:00+08:00,2026-05-02T06:00:00+08:00,27
高雄市,最高溫度,2026-05-02T06:00:00+08:00,2026-05-02T18:00:00+08:00,30
高雄市,最高溫度,2026-05-02T18:00:00+08:00,2026-05-03T06:00:00+08:00,28
高雄市,最高溫度,2026-05-03T06:00:00+08:00,2026-05-03T18:00:00+08:00,31
高雄市,最高溫度,2026-05-03T18:00:00+08:00,2026-05-04T06:00:00+08:00,29
高雄市,最低溫度,2026-04-27T12:00:00+08:00,2026-04-27T18:00:00+08:00,29
高雄市,最低溫度,2026-04-27T18:00:00+08:00,2026-04-28T06:00:00+08:00,24
高雄市,最低溫度,2026-04-28T06:00:00+08:00,2026-04-28T18:00:00+08:00,24
高雄市,最低溫度,2026-04-28T18:00:00+08:00,2026-04-29T06:00:00+08:00,26
高雄市,最低溫度,2026-04-29T06:00:00+08:00,2026-04-29T18:00:00+08:00,26
高雄市,最低溫度,2026-04-29T18:00:00+08:00,2026-04-30T06:00:00+08:00,24
高雄市,最低溫度,2026-04-30T06:00:00+08:00,2026-04-30T18:00:00+08:00,24
高雄市,最低溫度,2026-04-30T18:00:00+08:00,2026-05-01T06:00:00+08:00,23
高雄市,最低溫度,2026-05-01T06:00:00+08:00,2026-05-01T18:00:00+08:00,23
高雄市,最低溫度,2026-05-01T18:00:00+08:00,2026-05-02T06:00:00+08:00,24
高雄市,最低溫度,2026-05-02T06:00:00+08:00,2026-05-02T18:00:00+08:00,24
高雄市,最低溫度,2026-05-02T18:00:00+08:00,2026-05-03T06:00:00+08:00,25
高雄市,最低溫度,2026-05-03T06:00:00+08:00,2026-05-03T18:00:00+08:00,25
高雄市,最低溫度,2026-05-03T18:00:00+08:00,2026-05-04T06:00:00+08:00,25
高雄市,12小時降雨機率,2026-04-27T12:00:00+08:00,2026-04-27T18:00:00+08:00,0
高雄市,12小時降雨機率,2026-04-27T18:00:00+08:00,2026-04-28T06:00:00+08:00,0
高雄市,12小時降雨機率,2026-04-28T06:00:00+08:00,2026-04-28T18:00:00+08:00,30
高雄市,12小時降雨機率,2026-04-28T18:00:00+08:00,2026-04-29T06:00:00+08:00,20
高雄市,12小時降雨機率,2026-04-29T06:00:00+08:00,2026-04-29T18:00:00+08:00,20
高雄市,12小時降雨機率,2026-04-29T18:00:00+08:00,2026-04-30T06:00:00+08:00,40
高雄市,12小時降雨機率,2026-04-30T06:00:00+08:00,2026-04-30T18:00:00+08:00,-
高雄市,12小時降雨機率,2026-04-30T18:00:00+08:00,2026-05-01T06:00:00+08:00,-
高雄市,12小時降雨機率,2026-05-01T06:00:00+08:00,2026-05-01T18:00:00+08:00,-
高雄市,12小時降雨機率,2026-05-01T18:00:00+08:00,2026-05-02T06:00:00+08:00,-
高雄市,12小時降雨機率,2026-05-02T06:00:00+08:00,2026-05-02T18:00:00+08:00,-
高雄市,12小時降雨機率,2026-05-02T18:00:00+08:00,2026-05-03T06:00:00+08:00,-
高雄市,12小時降雨機率,2026-05-03T06:00:00+08:00,2026-05-03T18:00:00+08:00,-
高雄市,12小時降雨機率,2026-05-03T18:00:00+08:00,2026-05-04T06:00:00+08:00,-
高雄市,天氣現象,2026-04-27T12:00:00+08:00,2026-04-27T18:00:00+08:00,晴時多雲
高雄市,天氣現象,2026-04-27T18:00:00+08:00,2026-04-28T06:00:00+08:00,晴時多雲
高雄市,天氣現象,2026-04-28T06:00:00+08:00,2026-04-28T18:00:00+08:00,多雲短暫陣雨
高雄市,天氣現象,2026-04-28T18:00:00+08:00,2026-04-29T06:00:00+08:00,晴時多雲
高雄市,天氣現象,2026-04-29T06:00:00+08:00,2026-04-29T18:00:00+08:00,晴時多雲
高雄市,天氣現象,2026-04-29T18:00:00+08:00,2026-04-30T06:00:00+08:00,多雲短暫陣雨或雷雨
高雄市,天氣現象,2026-04-30T06:00:00+08:00,2026-04-30T18:00:00+08:00,多雲短暫陣雨或雷雨
高雄市,天氣現象,2026-04-30T18:00:00+08:00,2026-05-01T06:00:00+08:00,晴時多雲
高雄市,天氣現象,2026-05-01T06:00:00+08:00,2026-05-01T18:00:00+08:00,晴時多雲
高雄市,天氣現象,2026-05-01T18:00:00+08:00,2026-05-02T06:00:00+08:00,晴時多雲
高雄市,天氣現象,2026-05-02T06:00:00+08:00,2026-05-02T18:00:00+08:00,晴時多雲
高雄市,天氣現象,2026-05-02T18:00:00+08:00,2026-05-03T06:00:00+08:00,晴時多雲
高雄市,天氣現象,2026-05-03T06:00:00+08:00,2026-05-03T18:00:00+08:00,多雲短暫陣雨
高雄市,天氣現象,2026-05-03T18:00:00+08:00,2026-05-04T06:00:00+08:00,多雲短暫陣雨
新北市,最高溫度,2026-04-27T12:00:00+08:00,2026-04-27T18:00:00+08:00,31
新北市,最高溫度,2026-04-27T18:00:00+08:00,2026-04-28T06:00:00+08:00,27
新北市,最高溫度,2026-04-28T06:00:00+08:00,2026-04-28T18:00:00+08:00,32
新北市,最高溫度,2026-04-28T18:00:00+08:00,2026-04-29T06:00:00+08:00,28
新北市,最高溫度,2026-04-29T06:00:00+08:00,2026-04-29T18:00:00+08:00,28
新北市,最高溫度,2026-04-29T18:00:00+08:00,2026-04-30T06:00:00+08:00,25
新北市,最高溫度,2026-04-30T06:00:00+08:00,2026-04-30T18:00:00+08:00,22
新北市,最高溫度,2026-04-30T18:00:00+08:00,2026-05-01T06:00:00+08:00,21
新北市,最高溫度,2026-05-01T06:00:00+08:00,2026-05-01T18:00:00+08:00,27
新北市,最高溫度,2026-05-01T18:00:00+08:00,2026-05-02T06:00:00+08:00,24
新北市,最高溫度,2026-05-02T06:00:00+08:00,2026-05-02T18:00:00+08:00,29
新北市,最高溫度,2026-05-02T18:00:00+08:00,2026-05-03T06:00:00+08:00,26
新北市,最高溫度,2026-05-03T06:00:00+08:00,2026-05-03T18:00:00+08:00,31
新北市,最高溫度,2026-05-03T18:00:00+08:00,2026-05-04T06:00:00+08:00,27
新北市,最低溫度,2026-04-27T12:00:00+08:00,2026-04-27T18:00:00+08:00,27
新北市,最低溫度,2026-04-27T18:00:00+08:00,2026-04-28T06:00:00+08:00,21
新北市,最低溫度,2026-04-28T06:00:00+08:00,2026-04-28T18:00:00+08:00,21
新北市,最低溫度,2026-04-28T18:00:00+08:00,2026-04-29T06:00:00+08:00,23
新北市,最低溫度,2026-04-29T06:00:00+08:00,2026-04-29T18:00:00+08:00,23
新北市,最低溫度,2026-04-29T18:00:00+08:00,2026-04-30T06:00:00+08:00,20
新北市,最低溫度,2026-04-30T06:00:00+08:00,2026-04-30T18:00:00+08:00,20
新北市,最低溫度,2026-04-30T18:00:00+08:00,2026-05-01T06:00:00+08:00,20
新北市,最低溫度,2026-05-01T06:00:00+08:00,2026-05-01T18:00:00+08:00,20
新北市,最低溫度,2026-05-01T18:00:00+08:00,2026-05-02T06:00:00+08:00,20
新北市,最低溫度,2026-05-02T06:00:00+08:00,2026-05-02T18:00:00+08:00,20
新北市,最低溫度,2026-05-02T18:00:00+08:00,2026-05-03T06:00:00+08:00,22
新北市,最低溫度,2026-05-03T06:00:00+08:00,2026-05-03T18:00:00+08:00,22
新北市,最低溫度,2026-05-03T18:00:00+08:00,2026-05-04T06:00:00+08:00,23
新北市,12小時降雨機率,2026-04-27T12:00:00+08:00,2026-04-27T18:00:00+08:00,0
新北市,12小時降雨機率,2026-04-27T18:00:00+08:00,2026-04-28T06:00:00+08:00,0
新北市,12小時降雨機率,2026-04-28T06:00:00+08:00,2026-04-28T18:00:00+08:00,10
新北市,12小時降雨機率,2026-04-28T18:00:00+08:00,2026-04-29T06:00:00+08:00,20
新北市,12小時降雨機率,2026-04-29T06:00:00+08:00,2026-04-29T18:00:00+08:00,30
新北市,12小時降雨機率,2026-04-29T18:00:00+08:00,2026-04-30T06:00:00+08:00,40
新北市,12小時降雨機率,2026-04-30T06:00:00+08:00,2026-04-30T18:00:00+08:00,-
新北市,12小時降雨機率,2026-04-30T18:00:00+08:00,2026-05-01T06:00:00+08:00,-
新北市,12小時降雨機率,2026-05-01T06:00:00+08:00,2026-05-01T18:00:00+08:00,-
新北市,12小時降雨機率,2026-05-01T18:00:00+08:00,2026-05-02T06:00:00+08:00,-
新北市,12小時降雨機率,2026-05-02T06:00:00+08:00,2026-05-02T18:00:00+08:00,-
新北市,12小時降雨機率,2026-05-02T18:00:00+08:00,2026-05-03T06:00:00+08:00,-
新北市,12小時降雨機率,2026-05-03T06:00:00+08:00,2026-05-03T18:00:00+08:00,-
新北市,12小時降雨機率,2026-05-03T18:00:00+08:00,2026-05-04T06:00:00+08:00,-
新北市,天氣現象,2026-04-27T12:00:00+08:00,2026-04-27T18:00:00+08:00,晴時多雲
新北市,天氣現象,2026-04-27T18:00:00+08:00,2026-04-28T06:00:00+08:00,晴時多雲
新北市,天氣現象,2026-04-28T06:00:00+08:00,2026-04-28T18:00:00+08:00,晴時多雲
新北市,天氣現象,2026-04-28T18:00:00+08:00,2026-04-29T06:00:00+08:00,晴時多雲
新北市,天氣現象,2026-04-29T06:00:00+08:00,2026-04-29T18:00:00+08:00,多雲短暫陣雨或雷雨
新北市,天氣現象,2026-04-29T18:00:00+08:00,2026-04-30T06:00:00+08:00,陰短暫陣雨或雷雨
新北市,天氣現象,2026-04-30T06:00:00+08:00,2026-04-30T18:00:00+08:00,陰短暫陣雨或雷雨
新北市,天氣現象,2026-04-30T18:00:00+08:00,2026-05-01T06:00:00+08:00,陰短暫陣雨或雷雨
新北市,天氣現象,2026-05-01T06:00:00+08:00,2026-05-01T18:00:00+08:00,陰時多雲
新北市,天氣現象,2026-05-01T18:00:00+08:00,2026-05-02T06:00:00+08:00,多雲時晴
新北市,天氣現象,2026-05-02T06:00:00+08:00,2026-05-02T18:00:00+08:00,多雲
新北市,天氣現象,2026-05-02T18:00:00+08:00,2026-05-03T06:00:00+08:00,晴時多雲
新北市,天氣現象,2026-05-03T06:00:00+08:00,2026-05-03T18:00:00+08:00,多雲午後短暫雷陣雨
新北市,天氣現象,2026-05-03T18:00:00+08:00,2026-05-04T06:00:00+08:00,多雲時陰
臺中市,最高溫度,2026-04-27T12:00:00+08:00,2026-04-27T18:00:00+08:00,30
臺中市,最高溫度,2026-04-27T18:00:00+08:00,2026-04-28T06:00:00+08:00,27
臺中市,最高溫度,2026-04-28T06:00:00+08:00,2026-04-28T18:00:00+08:00,32
臺中市,最高溫度,2026-04-28T18:00:00+08:00,2026-04-29T06:00:00+08:00,29
臺中市,最高溫度,2026-04-29T06:00:00+08:00,2026-04-29T18:00:00+08:00,29
臺中市,最高溫度,2026-04-29T18:00:00+08:00,2026-04-30T06:00:00+08:00,26
臺中市,最高溫度,2026-04-30T06:00:00+08:00,2026-04-30T18:00:00+08:00,24
臺中市,最高溫度,2026-04-30T18:00:00+08:00,2026-05-01T06:00:00+08:00,23
臺中市,最高溫度,2026-05-01T06:00:00+08:00,2026-05-01T18:00:00+08:00,29
臺中市,最高溫度,2026-05-01T18:00:00+08:00,2026-05-02T06:00:00+08:00,27
臺中市,最高溫度,2026-05-02T06:00:00+08:00,2026-05-02T18:00:00+08:00,30
臺中市,最高溫度,2026-05-02T18:00:00+08:00,2026-05-03T06:00:00+08:00,27
臺中市,最高溫度,2026-05-03T06:00:00+08:00,2026-05-03T18:00:00+08:00,30
臺中市,最高溫度,2026-05-03T18:00:00+08:00,2026-05-04T06:00:00+08:00,28
臺中市,最低溫度,2026-04-27T12:00:00+08:00,2026-04-27T18:00:00+08:00,27
臺中市,最低溫度,2026-04-27T18:00:00+08:00,2026-04-28T06:00:00+08:00,22
臺中市,最低溫度,2026-04-28T06:00:00+08:00,2026-04-28T18:00:00+08:00,22
臺中市,最低溫度,2026-04-28T18:00:00+08:00,2026-04-29T06:00:00+08:00,23
臺中市,最低溫度,2026-04-29T06:00:00+08:00,2026-04-29T18:00:00+08:00,23
臺中市,最低溫度,2026-04-29T18:00:00+08:00,2026-04-30T06:00:00+08:00,21
臺中市,最低溫度,2026-04-30T06:00:00+08:00,2026-04-30T18:00:00+08:00,21
臺中市,最低溫度,2026-04-30T18:00:00+08:00,2026-05-01T06:00:00+08:00,20
臺中市,最低溫度,2026-05-01T06:00:00+08:00,2026-05-01T18:00:00+08:00,20
臺中市,最低溫度,2026-05-01T18:00:00+08:00,2026-05-02T06:00:00+08:00,22
臺中市,最低溫度,2026-05-02T06:00:00+08:00,2026-05-02T18:00:00+08:00,22
臺中市,最低溫度,2026-05-02T18:00:00+08:00,2026-05-03T06:00:00+08:00,23
臺中市,最低溫度,2026-05-03T06:00:00+08:00,2026-05-03T18:00:00+08:00,23
臺中市,最低溫度,2026-05-03T18:00:00+08:00,2026-05-04T06:00:00+08:00,24
臺中市,12小時降雨機率,2026-04-27T12:00:00+08:00,2026-04-27T18:00:00+08:00,0
臺中市,12小時降雨機率,2026-04-27T18:00:00+08:00,2026-04-28T06:00:00+08:00,0
臺中市,12小時降雨機率,2026-04-28T06:00:00+08:00,2026-04-28T18:00:00+08:00,0
臺中市,12小時降雨機率,2026-04-28T18:00:00+08:00,2026-04-29T06:00:00+08:00,20
臺中市,12小時降雨機率,2026-04-29T06:00:00+08:00,2026-04-29T18:00:00+08:00,30
臺中市,12小時降雨機率,2026-04-29T18:00:00+08:00,2026-04-30T06:00:00+08:00,30
臺中市,12小時降雨機率,2026-04-30T06:00:00+08:00,2026-04-30T18:00:00+08:00,-
臺中市,12小時降雨機率,2026-04-30T18:00:00+08:00,2026-05-01T06:00:00+08:00,-
臺中市,12小時降雨機率,2026-05-01T06:00:00+08:00,2026-05-01T18:00:00+08:00,-
臺中市,12小時降雨機率,2026-05-01T18:00:00+08:00,2026-05-02T06:00:00+08:00,-
臺中市,12小時降雨機率,2026-05-02T06:00:00+08:00,2026-05-02T18:00:00+08:00,-
臺中市,12小時降雨機率,2026-05-02T18:00:00+08:00,2026-05-03T06:00:00+08:00,-
臺中市,12小時降雨機率,2026-05-03T06:00:00+08:00,2026-05-03T18:00:00+08:00,-
臺中市,12小時降雨機率,2026-05-03T18:00:00+08:00,2026-05-04T06:00:00+08:00,-
臺中市,天氣現象,2026-04-27T12:00:00+08:00,2026-04-27T18:00:00+08:00,晴時多雲
臺中市,天氣現象,2026-04-27T18:00:00+08:00,2026-04-28T06:00:00+08:00,晴時多雲
臺中市,天氣現象,2026-04-28T06:00:00+08:00,2026-04-28T18:00:00+08:00,晴時多雲
臺中市,天氣現象,2026-04-28T18:00:00+08:00,2026-04-29T06:00:00+08:00,晴時多雲
臺中市,天氣現象,2026-04-29T06:00:00+08:00,2026-04-29T18:00:00+08:00,多雲短暫陣雨或雷雨
臺中市,天氣現象,2026-04-29T18:00:00+08:00,2026-04-30T06:00:00+08:00,陰短暫陣雨或雷雨
臺中市,天氣現象,2026-04-30T06:00:00+08:00,2026-04-30T18:00:00+08:00,陰短暫陣雨或雷雨
臺中市,天氣現象,2026-04-30T18:00:00+08:00,2026-05-01T06:00:00+08:00,多雲短暫陣雨或雷雨
臺中市,天氣現象,2026-05-01T06:00:00+08:00,2026-05-01T18:00:00+08:00,晴時多雲
臺中市,天氣現象,2026-05-01T18:00:00+08:00,2026-05-02T06:00:00+08:00,晴時多雲
臺中市,天氣現象,2026-05-02T06:00:00+08:00,2026-05-02T18:00:00+08:00,多雲
臺中市,天氣現象,2026-05-02T18:00:00+08:00,2026-05-03T06:00:00+08:00,晴時多雲
臺中市,天氣現象,2026-05-03T06:00:00+08:00,2026-05-03T18:00:00+08:00,多雲午後短暫雷陣雨
臺中市,天氣現象,2026-05-03T18:00:00+08:00,2026-05-04T06:00:00+08:00,陰時多雲短暫陣雨
臺南市,最高溫度,2026-04-27T12:00:00+08:00,2026-04-27T18:00:00+08:00,30
臺南市,最高溫度,2026-04-27T18:00:00+08:00,2026-04-28T06:00:00+08:00,27
臺南市,最高溫度,2026-04-28T06:00:00+08:00,2026-04-28T18:00:00+08:00,32
臺南市,最高溫度,2026-04-28T18:00:00+08:00,2026-04-29T06:00:00+08:00,29
臺南市,最高溫度,2026-04-29T06:00:00+08:00,2026-04-29T18:00:00+08:00,30
臺南市,最高溫度,2026-04-29T18:00:00+08:00,2026-04-30T06:00:00+08:00,27
臺南市,最高溫度,2026-04-30T06:00:00+08:00,2026-04-30T18:00:00+08:00,28
臺南市,最高溫度,2026-04-30T18:00:00+08:00,2026-05-01T06:00:00+08:00,25
臺南市,最高溫度,2026-05-01T06:00:00+08:00,2026-05-01T18:00:00+08:00,29
臺南市,最高溫度,2026-05-01T18:00:00+08:00,2026-05-02T06:00:00+08:00,27
臺南市,最高溫度,2026-05-02T06:00:00+08:00,2026-05-02T18:00:00+08:00,30
臺南市,最高溫度,2026-05-02T18:00:00+08:00,2026-05-03T06:00:00+08:00,28
臺南市,最高溫度,2026-05-03T06:00:00+08:00,2026-05-03T18:00:00+08:00,30
臺南市,最高溫度,2026-05-03T18:00:00+08:00,2026-05-04T06:00:00+08:00,28
臺南市,最低溫度,2026-04-27T12:00:00+08:00,2026-04-27T18:00:00+08:00,27
臺南市,最低溫度,2026-04-27T18:00:00+08:00,2026-04-28T06:00:00+08:00,23
臺南市,最低溫度,2026-04-28T06:00:00+08:00,2026-04-28T18:00:00+08:00,23
臺南市,最低溫度,2026-04-28T18:00:00+08:00,2026-04-29T06:00:00+08:00,25
臺南市,最低溫度,2026-04-29T06:00:00+08:00,2026-04-29T18:00:00+08:00,25
臺南市,最低溫度,2026-04-29T18:00:00+08:00,2026-04-30T06:00:00+08:00,22
臺南市,最低溫度,2026-04-30T06:00:00+08:00,2026-04-30T18:00:00+08:00,22
臺南市,最低溫度,2026-04-30T18:00:00+08:00,2026-05-01T06:00:00+08:00,21
臺南市,最低溫度,2026-05-01T06:00:00+08:00,2026-05-01T18:00:00+08:00,21
臺南市,最低溫度,2026-05-01T18:00:00+08:00,2026-05-02T06:00:00+08:00,24
臺南市,最低溫度,2026-05-02T06:00:00+08:00,2026-05-02T18:00:00+08:00,24
臺南市,最低溫度,2026-05-02T18:00:00+08:00,2026-05-03T06:00:00+08:00,25
臺南市,最低溫度,2026-05-03T06:00:00+08:00,2026-05-03T18:00:00+08:00,25
臺南市,最低溫度,2026-05-03T18:00:00+08:00,2026-05-04T06:00:00+08:00,25
臺南市,12小時降雨機率,2026-04-27T12:00:00+08:00,2026-04-27T18:00:00+08:00,0
臺南市,12小時降雨機率,2026-04-27T18:00:00+08:00,2026-04-28T06:00:00+08:00,0
臺南市,12小時降雨機率,2026-04-28T06:00:00+08:00,2026-04-28T18:00:00+08:00,30
臺南市,12小時降雨機率,2026-04-28T18:00:00+08:00,2026-04-29T06:00:00+08:00,20
臺南市,12小時降雨機率,2026-04-29T06:00:00+08:00,2026-04-29T18:00:00+08:00,20
臺南市,12小時降雨機率,2026-04-29T18:00:00+08:00,2026-04-30T06:00:00+08:00,40
臺南市,12小時降雨機率,2026-04-30T06:00:00+08:00,2026-04-30T18:00:00+08:00,-
臺南市,12小時降雨機率,2026-04-30T18:00:00+08:00,2026-05-01T06:00:00+08:00,-
臺南市,12小時降雨機率,2026-05-01T06:00:00+08:00,2026-05-01T18:00:00+08:00,-
臺南市,12小時降雨機率,2026-05-01T18:00:00+08:00,2026-05-02T06:00:00+08:00,-
臺南市,12小時降雨機率,2026-05-02T06:00:00+08:00,2026-05-02T18:00:00+08:00,-
臺南市,12小時降雨機率,2026-05-02T18:00:00+08:00,2026-05-03T06:00:00+08:00,-
臺南市,12小時降雨機率,2026-05-03T06:00:00+08:00,2026-05-03T18:00:00+08:00,-
臺南市,12小時降雨機率,2026-05-03T18:00:00+08:00,2026-05-04T06:00:00+08:00,-
臺南市,天氣現象,2026-04-27T12:00:00+08:00,2026-04-27T18:00:00+08:00,晴時多雲
臺南市,天氣現象,2026-04-27T18:00:00+08:00,2026-04-28T06:00:00+08:00,晴時多雲
臺南市,天氣現象,2026-04-28T06:00:00+08:00,2026-04-28T18:00:00+08:00,多雲短暫陣雨
臺南市,天氣現象,2026-04-28T18:00:00+08:00,2026-04-29T06:00:00+08:00,晴時多雲
臺南市,天氣現象,2026-04-29T06:00:00+08:00,2026-04-29T18:00:00+08:00,晴時多雲
臺南市,天氣現象,2026-04-29T18:00:00+08:00,2026-04-30T06:00:00+08:00,多雲短暫陣雨或雷雨
臺南市,天氣現象,2026-04-30T06:00:00+08:00,2026-04-30T18:00:00+08:00,多雲短暫陣雨或雷雨
臺南市,天氣現象,2026-04-30T18:00:00+08:00,2026-05-01T06:00:00+08:00,多雲短暫陣雨或雷雨
臺南市,天氣現象,2026-05-01T06:00:00+08:00,2026-05-01T18:00:00+08:00,晴時多雲
臺南市,天氣現象,2026-05-01T18:00:00+08:00,2026-05-02T06:00:00+08:00,晴時多雲
臺南市,天氣現象,2026-05-02T06:00:00+08:00,2026-05-02T18:00:00+08:00,多雲
臺南市,天氣現象,2026-05-02T18:00:00+08:00,2026-05-03T06:00:00+08:00,多雲時晴
臺南市,天氣現象,2026-05-03T06:00:00+08:00,2026-05-03T18:00:00+08:00,多雲短暫陣雨
臺南市,天氣現象,2026-05-03T18:00:00+08:00,2026-05-04T06:00:00+08:00,多雲短暫陣雨
桃園市,最高溫度,2026-04-27T12:00:00+08:00,2026-04-27T18:00:00+08:00,30
桃園市,最高溫度,2026-04-27T18:00:00+08:00,2026-04-28T06:00:00+08:00,27
桃園市,最高溫度,2026-04-28T06:00:00+08:00,2026-04-28T18:00:00+08:00,31
桃園市,最高溫度,2026-04-28T18:00:00+08:00,2026-04-29T06:00:00+08:00,28
桃園市,最高溫度,2026-04-29T06:00:00+08:00,2026-04-29T18:00:00+08:00,28
桃園市,最高溫度,2026-04-29T18:00:00+08:00,2026-04-30T06:00:00+08:00,25
桃園市,最高溫度,2026-04-30T06:00:00+08:00,2026-04-30T18:00:00+08:00,22
桃園市,最高溫度,2026-04-30T18:00:00+08:00,2026-05-01T06:00:00+08:00,21
桃園市,最高溫度,2026-05-01T06:00:00+08:00,2026-05-01T18:00:00+08:00,27
桃園市,最高溫度,2026-05-01T18:00:00+08:00,2026-05-02T06:00:00+08:00,24
桃園市,最高溫度,2026-05-02T06:00:00+08:00,2026-05-02T18:00:00+08:00,29
桃園市,最高溫度,2026-05-02T18:00:00+08:00,2026-05-03T06:00:00+08:00,26
桃園市,最高溫度,2026-05-03T06:00:00+08:00,2026-05-03T18:00:00+08:00,30
桃園市,最高溫度,2026-05-03T18:00:00+08:00,2026-05-04T06:00:00+08:00,27
桃園市,最低溫度,2026-04-27T12:00:00+08:00,2026-04-27T18:00:00+08:00,27
桃園市,最低溫度,2026-04-27T18:00:00+08:00,2026-04-28T06:00:00+08:00,21
桃園市,最低溫度,2026-04-28T06:00:00+08:00,2026-04-28T18:00:00+08:00,21
桃園市,最低溫度,2026-04-28T18:00:00+08:00,2026-04-29T06:00:00+08:00,23
桃園市,最低溫度,2026-04-29T06:00:00+08:00,2026-04-29T18:00:00+08:00,23
桃園市,最低溫度,2026-04-29T18:00:00+08:00,2026-04-30T06:00:00+08:00,20
桃園市,最低溫度,2026-04-30T06:00:00+08:00,2026-04-30T18:00:00+08:00,20
桃園市,最低溫度,2026-04-30T18:00:00+08:00,2026-05-01T06:00:00+08:00,19
桃園市,最低溫度,2026-05-01T06:00:00+08:00,2026-05-01T18:00:00+08:00,19
桃園市,最低溫度,2026-05-01T18:00:00+08:00,2026-05-02T06:00:00+08:00,20
桃園市,最低溫度,2026-05-02T06:00:00+08:00,2026-05-02T18:00:00+08:00,20
桃園市,最低溫度,2026-05-02T18:00:00+08:00,2026-05-03T06:00:00+08:00,22
桃園市,最低溫度,2026-05-03T06:00:00+08:00,2026-05-03T18:00:00+08:00,22
桃園市,最低溫度,2026-05-03T18:00:00+08:00,2026-05-04T06:00:00+08:00,23
桃園市,12小時降雨機率,2026-04-27T12:00:00+08:00,2026-04-27T18:00:00+08:00,0
桃園市,12小時降雨機率,2026-04-27T18:00:00+08:00,2026-04-28T06:00:00+08:00,0
桃園市,12小時降雨機率,2026-04-28T06:00:00+08:00,2026-04-28T18:00:00+08:00,0
桃園市,12小時降雨機率,2026-04-28T18:00:00+08:00,2026-04-29T06:00:00+08:00,20
桃園市,12小時降雨機率,2026-04-29T06:00:00+08:00,2026-04-29T18:00:00+08:00,30
桃園市,12小時降雨機率,2026-04-29T18:00:00+08:00,2026-04-30T06:00:00+08:00,50
桃園市,12小時降雨機率,2026-04-30T06:00:00+08:00,2026-04-30T18:00:00+08:00,-
桃園市,12小時降雨機率,2026-04-30T18:00:00+08:00,2026-05-01T06:00:00+08:00,-
桃園市,12小時降雨機率,2026-05-01T06:00:00+08:00,2026-05-01T18:00:00+08:00,-
桃園市,12小時降雨機率,2026-05-01T18:00:00+08:00,2026-05-02T06:00:00+08:00,-
桃園市,12小時降雨機率,2026-05-02T06:00:00+08:00,2026-05-02T18:00:00+08:00,-
桃園市,12小時降雨機率,2026-05-02T18:00:00+08:00,2026-05-03T06:00:00+08:00,-
桃園市,12小時降雨機率,2026-05-03T06:00:00+08:00,2026-05-03T18:00:00+08:00,-
桃園市,12小時降雨機率,2026-05-03T18:00:00+08:00,2026-05-04T06:00:00+08:00,-
桃園市,天氣現象,2026-04-27T12:00:00+08:00,2026-04-27T18:00:00+08:00,晴時多雲
桃園市,天氣現象,2026-04-27T18:00:00+08:00,2026-04-28T06:00:00+08:00,晴時多雲
桃園市,天氣現象,2026-04-28T06:00:00+08:00,2026-04-28T18:00:00+08:00,晴時多雲
桃園市,天氣現象,2026-04-28T18:00:00+08:00,2026-04-29T06:00:00+08:00,晴時多雲
桃園市,天氣現象,2026-04-29T06:00:00+08:00,2026-04-29T18:00:00+08:00,多雲短暫陣雨或雷雨
桃園市,天氣現象,2026-04-29T18:00:00+08:00,2026-04-30T06:00:00+08:00,陰短暫陣雨或雷雨
桃園市,天氣現象,2026-04-30T06:00:00+08:00,2026-04-30T18:00:00+08:00,陰短暫陣雨或雷雨
桃園市,天氣現象,2026-04-30T18:00:00+08:00,2026-05-01T06:00:00+08:00,陰短暫陣雨或雷雨
桃園市,天氣現象,2026-05-01T06:00:00+08:00,2026-05-01T18:00:00+08:00,陰時多雲
桃園市,天氣現象,2026-05-01T18:00:00+08:00,2026-05-02T06:00:00+08:00,多雲時晴
桃園市,天氣現象,2026-05-02T06:00:00+08:00,2026-05-02T18:00:00+08:00,多雲
桃園市,天氣現象,2026-05-02T18:00:00+08:00,2026-05-03T06:00:00+08:00,晴時多雲
桃園市,天氣現象,2026-05-03T06:00:00+08:00,2026-05-03T18:00:00+08:00,多雲午後短暫雷陣雨
桃園市,天氣現象,2026-05-03T18:00:00+08:00,2026-05-04T06:00:00+08:00,陰時多雲
